{"v":"5.4.4","fr":24,"ip":0,"op":49,"w":250,"h":200,"nm":"Drinks","ddd":0,"assets":[],"layers":[{"ddd":0,"ind":1,"ty":3,"nm":"Null 2","sr":1,"ks":{"o":{"a":0,"k":0,"ix":11},"r":{"a":1,"k":[{"i":{"x":[0.833],"y":[0.833]},"o":{"x":[0.167],"y":[0.167]},"t":0,"s":[0],"e":[5]},{"i":{"x":[0.833],"y":[0.833]},"o":{"x":[0.167],"y":[0.167]},"t":6,"s":[5],"e":[0]},{"t":12}],"ix":10},"p":{"a":1,"k":[{"i":{"x":0.277,"y":1},"o":{"x":0.333,"y":0},"t":0,"s":[179.75,111.5,0],"e":[179.75,91.5,0],"to":[0,-3.333,0],"ti":[0.583,-1.25,0]},{"i":{"x":0.667,"y":1},"o":{"x":1,"y":0},"t":8,"s":[179.75,91.5,0],"e":[176.25,119,0],"to":[-0.583,1.25,0],"ti":[0.583,-4.583,0]},{"t":12}],"ix":2},"a":{"a":0,"k":[0,0,0],"ix":1},"s":{"a":1,"k":[{"i":{"x":[0.833,0.833,0.833],"y":[0.833,0.833,0.833]},"o":{"x":[0.167,0.167,0.167],"y":[0.167,0.167,0.167]},"t":0,"s":[18,18,100],"e":[16.5,16.5,100]},{"t":12}],"ix":6}},"ao":0,"ip":0,"op":600,"st":0,"bm":0},{"ddd":0,"ind":2,"ty":4,"nm":"Lemon","parent":1,"sr":1,"ks":{"o":{"a":0,"k":100,"ix":11},"r":{"a":1,"k":[{"i":{"x":[0.833],"y":[0.833]},"o":{"x":[0.167],"y":[0.167]},"t":0,"s":[0],"e":[0]},{"i":{"x":[0.833],"y":[0.833]},"o":{"x":[0.167],"y":[0.167]},"t":8,"s":[0],"e":[0]},{"t":12}],"ix":10},"p":{"a":1,"k":[{"i":{"x":0.833,"y":0.833},"o":{"x":0.167,"y":0.167},"t":0,"s":[-91.865,-295.1,0],"e":[-111.627,-318.254,0],"to":[-3.294,-3.859,0],"ti":[0,0,0]},{"i":{"x":0.833,"y":0.833},"o":{"x":0.167,"y":0.167},"t":8,"s":[-111.627,-318.254,0],"e":[-91.865,-295.1,0],"to":[0,0,0],"ti":[-3.294,-3.859,0]},{"t":12}],"ix":2},"a":{"a":0,"k":[67.507,67.506,0],"ix":1},"s":{"a":0,"k":[100,100,100],"ix":6}},"ao":0,"ef":[{"ty":5,"nm":"Scale - Overshoot","np":3,"mn":"ADBE Slider Control","ix":1,"en":1,"ef":[{"ty":0,"nm":"Slider","mn":"ADBE Slider Control-0001","ix":1,"v":{"a":0,"k":20,"ix":1,"x":"var $bm_rt;\n$bm_rt = clamp(value, 0, 100);"}}]},{"ty":5,"nm":"Scale - Bounce","np":3,"mn":"ADBE Slider Control","ix":2,"en":1,"ef":[{"ty":0,"nm":"Slider","mn":"ADBE Slider Control-0001","ix":1,"v":{"a":0,"k":40,"ix":1,"x":"var $bm_rt;\n$bm_rt = clamp(value, 0, 100);"}}]},{"ty":5,"nm":"Scale - Friction","np":3,"mn":"ADBE Slider Control","ix":3,"en":1,"ef":[{"ty":0,"nm":"Slider","mn":"ADBE Slider Control-0001","ix":1,"v":{"a":0,"k":40,"ix":1,"x":"var $bm_rt;\n$bm_rt = clamp(value, 0, 100);"}}]}],"shapes":[{"ty":"gr","it":[{"ind":0,"ty":"sh","ix":1,"ks":{"a":0,"k":{"i":[[0,-37.145],[37.145,0],[0,37.145],[-37.145,0]],"o":[[0,37.145],[-37.145,0],[0,-37.145],[37.145,0]],"v":[[67.257,0],[-0.001,67.256],[-67.257,0],[-0.001,-67.256]],"c":true},"ix":2},"nm":"Path 1","mn":"ADBE Vector Shape - Group","hd":false},{"ty":"fl","c":{"a":0,"k":[0.969000004787,0.57599995931,0.118000000598,1],"ix":4},"o":{"a":0,"k":100,"ix":5},"r":1,"bm":0,"nm":"Fill 1","mn":"ADBE Vector Graphic - Fill","hd":false},{"ty":"tr","p":{"a":0,"k":[67.507,67.506],"ix":2},"a":{"a":0,"k":[0,0],"ix":1},"s":{"a":0,"k":[100,100],"ix":3},"r":{"a":0,"k":0,"ix":6},"o":{"a":0,"k":100,"ix":7},"sk":{"a":0,"k":0,"ix":4},"sa":{"a":0,"k":0,"ix":5},"nm":"Transform"}],"nm":"Group 1","np":2,"cix":2,"bm":0,"ix":1,"mn":"ADBE Vector Group","hd":false}],"ip":0,"op":600,"st":0,"bm":0},{"ddd":0,"ind":3,"ty":4,"nm":"Leaf","parent":1,"sr":1,"ks":{"o":{"a":0,"k":100,"ix":11},"r":{"a":1,"k":[{"i":{"x":[0.833],"y":[0.833]},"o":{"x":[0.167],"y":[0.167]},"t":0,"s":[0],"e":[-18.263]},{"i":{"x":[0.833],"y":[0.833]},"o":{"x":[0.167],"y":[0.167]},"t":8,"s":[-18.263],"e":[0]},{"t":12}],"ix":10},"p":{"a":1,"k":[{"i":{"x":0.833,"y":0.833},"o":{"x":0.167,"y":0.167},"t":0,"s":[-111.369,-273.071,0],"e":[-125.209,-308.356,0],"to":[-2.307,-5.881,0],"ti":[0,0,0]},{"i":{"x":0.833,"y":0.833},"o":{"x":0.167,"y":0.167},"t":8,"s":[-125.209,-308.356,0],"e":[-111.369,-273.071,0],"to":[0,0,0],"ti":[-2.307,-5.881,0]},{"t":12}],"ix":2},"a":{"a":0,"k":[220.675,222.065,0],"ix":1},"s":{"a":0,"k":[100,100,100],"ix":6}},"ao":0,"shapes":[{"ty":"gr","it":[{"ind":0,"ty":"sh","ix":1,"ks":{"a":0,"k":{"i":[[4.353,4.352],[0,0],[0,0],[6.154,0],[0,0],[-0.001,-6.153],[0,0],[0,0],[0,0],[6.153,0.001],[0,0],[0,-6.153],[0,0],[0,0],[0,0],[6.154,0.002],[0,0],[0,-6.154],[0,0],[0,0],[4.351,-4.352],[0,0],[-4.352,-4.352],[0,0],[0,0],[0,-6.152],[0,0],[-6.154,0.001],[0,0],[0,0],[0,0],[0,-6.153],[0,0],[-6.154,-0.001],[0,0],[0,0],[0,0],[0,-6.155],[0,0],[-6.154,0],[0,0],[0,0],[-4.352,4.351],[0,0]],"o":[[0,0],[0,0],[0,-6.154],[0,0],[-6.154,-0.001],[0,0],[0,0],[0,0],[-0.001,-6.153],[0,0],[-6.154,0],[0,0],[0,0],[0,0],[0,-6.154],[0,0],[-6.152,0.001],[0,0],[0,0],[-4.35,-4.351],[0,0],[-4.352,4.352],[0,0],[0,0],[-6.154,0],[0,0],[0,6.154],[0,0],[0,0],[0,0],[-6.154,0],[0,0],[0.001,6.153],[0,0],[0,0],[0,0],[-6.153,0.001],[0,0],[-0.001,6.154],[0,0],[0,0],[4.351,4.351],[0,0],[4.353,-4.352]],"v":[[104,86.667],[57.842,40.509],[57.842,-28.723],[46.7,-39.865],[44.473,-39.865],[33.331,-28.723],[33.331,15.999],[10.212,-7.121],[10.212,-60.559],[-0.931,-71.701],[-3.159,-71.701],[-14.301,-60.559],[-14.301,-31.635],[-37.356,-54.689],[-37.357,-92.458],[-48.498,-103.602],[-50.727,-103.602],[-61.869,-92.458],[-61.869,-79.202],[-86.668,-104.001],[-102.425,-104.001],[-104.001,-102.425],[-104,-86.667],[-79.201,-61.868],[-92.458,-61.868],[-103.601,-50.727],[-103.601,-48.498],[-92.458,-37.355],[-54.688,-37.355],[-31.634,-14.301],[-60.559,-14.301],[-71.701,-3.159],[-71.701,-0.93],[-60.559,10.213],[-7.121,10.212],[15.997,33.33],[-28.723,33.329],[-39.865,44.473],[-39.865,46.7],[-28.723,57.843],[40.51,57.843],[86.668,104.001],[102.425,104.001],[104,102.426]],"c":true},"ix":2},"nm":"Path 1","mn":"ADBE Vector Shape - Group","hd":false},{"ty":"fl","c":{"a":0,"k":[0.536999990426,0.788000009574,0.277999997606,1],"ix":4},"o":{"a":0,"k":100,"ix":5},"r":1,"bm":0,"nm":"Fill 1","mn":"ADBE Vector Graphic - Fill","hd":false},{"ty":"tr","p":{"a":0,"k":[132.914,132.921],"ix":2},"a":{"a":0,"k":[0,0],"ix":1},"s":{"a":0,"k":[100,100],"ix":3},"r":{"a":0,"k":0,"ix":6},"o":{"a":0,"k":100,"ix":7},"sk":{"a":0,"k":0,"ix":4},"sa":{"a":0,"k":0,"ix":5},"nm":"Transform"}],"nm":"Group 1","np":2,"cix":2,"bm":0,"ix":1,"mn":"ADBE Vector Group","hd":false},{"ty":"gr","it":[{"ind":0,"ty":"sh","ix":1,"ks":{"a":0,"k":{"i":[[2.691,-2.69],[4.541,-2.396],[2.212,1.133],[7.39,46.684],[-8.285,8.287],[-17.182,-2.72],[-26.96,-52.892],[33.041,-55.687]],"o":[[-2.691,2.691],[-55.685,33.041],[-52.84,-26.934],[-2.72,-17.181],[8.288,-8.288],[46.685,7.391],[1.108,2.161],[-2.395,4.54]],"v":[[82.499,82.499],[71.604,90.163],[-38.686,95.923],[-118.828,-39.004],[-114.917,-114.915],[-39.005,-118.827],[95.95,-38.632],[90.162,71.605]],"c":true},"ix":2},"nm":"Path 1","mn":"ADBE Vector Shape - Group","hd":false},{"ty":"fl","c":{"a":0,"k":[0.211999990426,0.54900004069,0.054999998504,1],"ix":4},"o":{"a":0,"k":100,"ix":5},"r":1,"bm":0,"nm":"Fill 1","mn":"ADBE Vector Graphic - Fill","hd":false},{"ty":"tr","p":{"a":0,"k":[123.452,123.454],"ix":2},"a":{"a":0,"k":[0,0],"ix":1},"s":{"a":0,"k":[100,100],"ix":3},"r":{"a":0,"k":0,"ix":6},"o":{"a":0,"k":100,"ix":7},"sk":{"a":0,"k":0,"ix":4},"sa":{"a":0,"k":0,"ix":5},"nm":"Transform"}],"nm":"Group 2","np":2,"cix":2,"bm":0,"ix":2,"mn":"ADBE Vector Group","hd":false}],"ip":0,"op":600,"st":0,"bm":0},{"ddd":0,"ind":4,"ty":4,"nm":"Layer 18 Outlines","parent":1,"sr":1,"ks":{"o":{"a":0,"k":100,"ix":11},"r":{"a":1,"k":[{"i":{"x":[0.833],"y":[0.833]},"o":{"x":[0.167],"y":[0.167]},"t":0,"s":[0],"e":[42.748]},{"i":{"x":[0.833],"y":[0.833]},"o":{"x":[0.167],"y":[0.167]},"t":8,"s":[42.748],"e":[0]},{"t":12}],"ix":10},"p":{"a":1,"k":[{"i":{"x":0.833,"y":0.833},"o":{"x":0.167,"y":0.167},"t":0,"s":[-89.211,-350.531,0],"e":[-107.07,-378.953,0],"to":[-2.977,-4.737,0],"ti":[0,0,0]},{"i":{"x":0.833,"y":0.833},"o":{"x":0.167,"y":0.167},"t":8,"s":[-107.07,-378.953,0],"e":[-89.211,-350.531,0],"to":[0,0,0],"ti":[-2.977,-4.737,0]},{"t":12}],"ix":2},"a":{"a":0,"k":[82.092,164.013,0],"ix":1},"s":{"a":0,"k":[100,100,100],"ix":6}},"ao":0,"shapes":[{"ty":"gr","it":[{"ind":0,"ty":"sh","ix":1,"ks":{"a":0,"k":{"i":[[0,0],[-86.407,-18.191]],"o":[[0,0],[0,0]],"v":[[-35.927,44.568],[43.203,-26.378]],"c":false},"ix":2},"nm":"Path 1","mn":"ADBE Vector Shape - Group","hd":false},{"ty":"st","c":{"a":0,"k":[0.752999997606,0.152999997606,0.176000004189,1],"ix":3},"o":{"a":0,"k":100,"ix":4},"w":{"a":0,"k":30,"ix":5},"lc":2,"lj":1,"ml":10,"bm":0,"nm":"Stroke 1","mn":"ADBE Vector Graphic - Stroke","hd":false},{"ty":"tr","p":{"a":0,"k":[118.203,119.568],"ix":2},"a":{"a":0,"k":[0,0],"ix":1},"s":{"a":0,"k":[100,100],"ix":3},"r":{"a":0,"k":0,"ix":6},"o":{"a":0,"k":100,"ix":7},"sk":{"a":0,"k":0,"ix":4},"sa":{"a":0,"k":0,"ix":5},"nm":"Transform"}],"nm":"Group 1","np":2,"cix":2,"bm":0,"ix":1,"mn":"ADBE Vector Group","hd":false}],"ip":0,"op":600,"st":0,"bm":0},{"ddd":0,"ind":5,"ty":4,"nm":"Glass","parent":1,"sr":1,"ks":{"o":{"a":0,"k":100,"ix":11},"r":{"a":0,"k":0,"ix":10},"p":{"a":1,"k":[{"i":{"x":0.833,"y":0.833},"o":{"x":0.167,"y":0.167},"t":0,"s":[-20.096,88.211,0],"e":[-20.096,88.211,0],"to":[0,0,0],"ti":[0,0,0]},{"i":{"x":0.833,"y":0.833},"o":{"x":0.167,"y":0.167},"t":8,"s":[-20.096,88.211,0],"e":[-20.096,88.211,0],"to":[0,0,0],"ti":[0,0,0]},{"t":12}],"ix":2},"a":{"a":0,"k":[198.779,403.677,0],"ix":1},"s":{"a":0,"k":[100,100,100],"ix":6}},"ao":0,"shapes":[{"ty":"gr","it":[{"ind":0,"ty":"sh","ix":1,"ks":{"a":0,"k":{"i":[[19.902,72.981],[-11.273,44.651],[0,0],[-31.179,-128.329],[107.475,-35.635],[-4.746,0],[-22.117,79.387]],"o":[[-25.008,-91.689],[0,0],[-14.502,71.136],[15.971,65.732],[4.658,0.346],[86.439,0],[17.148,-47.326]],"v":[[77.846,-53.232],[73.736,-264.789],[-21.934,-264.789],[-10.522,34.89],[-106.318,264.257],[-92.211,264.789],[89.17,127.148]],"c":true},"ix":2},"nm":"Path 1","mn":"ADBE Vector Shape - Group","hd":false},{"ty":"fl","c":{"a":0,"k":[0.922000002394,0.709999952129,0.008000000785,1],"ix":4},"o":{"a":0,"k":100,"ix":5},"r":1,"bm":0,"nm":"Fill 1","mn":"ADBE Vector Graphic - Fill","hd":false},{"ty":"tr","p":{"a":0,"k":[290.99,337.803],"ix":2},"a":{"a":0,"k":[0,0],"ix":1},"s":{"a":0,"k":[100,100],"ix":3},"r":{"a":0,"k":0,"ix":6},"o":{"a":0,"k":100,"ix":7},"sk":{"a":0,"k":0,"ix":4},"sa":{"a":0,"k":0,"ix":5},"nm":"Transform"}],"nm":"Group 1","np":2,"cix":2,"bm":0,"ix":1,"mn":"ADBE Vector Group","hd":false},{"ty":"gr","it":[{"ind":0,"ty":"sh","ix":1,"ks":{"a":0,"k":{"i":[[19.902,72.981],[0,0],[15.918,0],[0,0],[-43.962,-180.947],[107.475,-35.635],[-4.746,0],[-22.117,79.387]],"o":[[-40.929,-150.069],[0,0],[0,0],[-24.683,66.437],[15.971,65.732],[4.658,0.346],[86.439,0],[17.148,-47.326]],"v":[[77.846,-16.85],[88.76,-272.877],[89.214,-301.171],[-1.314,-301.171],[-10.522,71.272],[-106.318,300.639],[-92.211,301.171],[89.17,163.53]],"c":true},"ix":2},"nm":"Path 1","mn":"ADBE Vector Shape - Group","hd":false},{"ty":"fl","c":{"a":0,"k":[0.823999980852,0.834999952129,0.851000019148,1],"ix":4},"o":{"a":0,"k":100,"ix":5},"r":1,"bm":0,"nm":"Fill 1","mn":"ADBE Vector Graphic - Fill","hd":false},{"ty":"tr","p":{"a":0,"k":[290.99,301.421],"ix":2},"a":{"a":0,"k":[0,0],"ix":1},"s":{"a":0,"k":[100,100],"ix":3},"r":{"a":0,"k":0,"ix":6},"o":{"a":0,"k":100,"ix":7},"sk":{"a":0,"k":0,"ix":4},"sa":{"a":0,"k":0,"ix":5},"nm":"Transform"}],"nm":"Group 2","np":2,"cix":2,"bm":0,"ix":2,"mn":"ADBE Vector Group","hd":false},{"ty":"gr","it":[{"ind":0,"ty":"sh","ix":1,"ks":{"a":0,"k":{"i":[[-11.272,44.651],[0,0],[25.006,-91.689],[-17.148,-47.326],[-86.439,0],[-22.118,79.387],[19.903,72.981]],"o":[[0,0],[11.273,44.651],[-19.904,72.981],[22.117,79.387],[86.439,0],[17.147,-47.326],[-25.007,-91.689]],"v":[[165.947,-264.789],[-165.948,-264.789],[-170.056,-53.232],[-181.381,127.148],[0,264.789],[181.382,127.148],[170.057,-53.232]],"c":true},"ix":2},"nm":"Path 1","mn":"ADBE Vector Shape - Group","hd":false},{"ty":"fl","c":{"a":0,"k":[1,0.773000021542,0.008000000785,1],"ix":4},"o":{"a":0,"k":100,"ix":5},"r":1,"bm":0,"nm":"Fill 1","mn":"ADBE Vector Graphic - Fill","hd":false},{"ty":"tr","p":{"a":0,"k":[198.779,337.803],"ix":2},"a":{"a":0,"k":[0,0],"ix":1},"s":{"a":0,"k":[100,100],"ix":3},"r":{"a":0,"k":0,"ix":6},"o":{"a":0,"k":100,"ix":7},"sk":{"a":0,"k":0,"ix":4},"sa":{"a":0,"k":0,"ix":5},"nm":"Transform"}],"nm":"Group 3","np":2,"cix":2,"bm":0,"ix":3,"mn":"ADBE Vector Group","hd":false},{"ty":"gr","it":[{"ind":0,"ty":"sh","ix":1,"ks":{"a":0,"k":{"i":[[3.639,15.918],[0,0],[19.099,1.365],[9.594,-41.967],[67.708,-28.288],[0,0]],"o":[[-9.595,-41.967],[-19.098,1.365],[0,0],[-3.64,15.918],[0,0],[-67.707,-28.288]],"v":[[20.967,45.881],[27.285,-105.549],[-27.285,-105.549],[-20.965,45.881],[-129.605,105.549],[129.604,105.549]],"c":true},"ix":2},"nm":"Path 1","mn":"ADBE Vector Shape - Group","hd":false},{"ty":"fl","c":{"a":0,"k":[0.882000014361,0.894000004787,0.910000011968,1],"ix":4},"o":{"a":0,"k":100,"ix":5},"r":1,"bm":0,"nm":"Fill 1","mn":"ADBE Vector Graphic - Fill","hd":false},{"ty":"tr","p":{"a":0,"k":[198.779,701.555],"ix":2},"a":{"a":0,"k":[0,0],"ix":1},"s":{"a":0,"k":[100,100],"ix":3},"r":{"a":0,"k":0,"ix":6},"o":{"a":0,"k":100,"ix":7},"sk":{"a":0,"k":0,"ix":4},"sa":{"a":0,"k":0,"ix":5},"nm":"Transform"}],"nm":"Group 4","np":2,"cix":2,"bm":0,"ix":4,"mn":"ADBE Vector Group","hd":false},{"ty":"gr","it":[{"ind":0,"ty":"sh","ix":1,"ks":{"a":0,"k":{"i":[[19.902,72.981],[0,0],[15.918,0],[0,0],[0,0],[40.927,-150.069],[-17.148,-47.326],[-86.44,0],[-22.117,79.387]],"o":[[-40.929,-150.069],[0,0],[0,0],[-15.917,0],[0,0],[-19.904,72.981],[22.117,79.387],[86.439,0],[17.148,-47.326]],"v":[[170.057,-16.85],[180.971,-272.877],[181.425,-301.171],[-181.426,-301.171],[-180.971,-272.877],[-170.056,-16.85],[-181.381,163.53],[0,301.171],[181.381,163.53]],"c":true},"ix":2},"nm":"Path 1","mn":"ADBE Vector Shape - Group","hd":false},{"ty":"fl","c":{"a":0,"k":[0.902000038297,0.913999968884,0.929000016755,1],"ix":4},"o":{"a":0,"k":100,"ix":5},"r":1,"bm":0,"nm":"Fill 1","mn":"ADBE Vector Graphic - Fill","hd":false},{"ty":"tr","p":{"a":0,"k":[198.779,301.421],"ix":2},"a":{"a":0,"k":[0,0],"ix":1},"s":{"a":0,"k":[100,100],"ix":3},"r":{"a":0,"k":0,"ix":6},"o":{"a":0,"k":100,"ix":7},"sk":{"a":0,"k":0,"ix":4},"sa":{"a":0,"k":0,"ix":5},"nm":"Transform"}],"nm":"Group 5","np":2,"cix":2,"bm":0,"ix":5,"mn":"ADBE Vector Group","hd":false}],"ip":0,"op":600,"st":0,"bm":0},{"ddd":0,"ind":6,"ty":4,"nm":"Umbrella","parent":1,"sr":1,"ks":{"o":{"a":0,"k":100,"ix":11},"r":{"a":1,"k":[{"i":{"x":[0.789],"y":[0.655]},"o":{"x":[0.438],"y":[0.32]},"t":0,"s":[0],"e":[-11.782]},{"i":{"x":[0.815],"y":[1.359]},"o":{"x":[0.154],"y":[0.363]},"t":6,"s":[-11.782],"e":[-15.881]},{"i":{"x":[0.914],"y":[0.923]},"o":{"x":[0.596],"y":[0.204]},"t":9,"s":[-15.881],"e":[-0.373]},{"i":{"x":[0],"y":[0.818]},"o":{"x":[0.132],"y":[0.342]},"t":11,"s":[-0.373],"e":[5.006]},{"i":{"x":[0.872],"y":[0.939]},"o":{"x":[0.042],"y":[-0.019]},"t":13,"s":[5.006],"e":[-2.495]},{"i":{"x":[0.843],"y":[0.85]},"o":{"x":[0.373],"y":[-0.278]},"t":20,"s":[-2.495],"e":[0.906]},{"i":{"x":[0.803],"y":[0.589]},"o":{"x":[0.264],"y":[-0.824]},"t":25,"s":[0.906],"e":[-0.557]},{"t":32}],"ix":10},"p":{"a":1,"k":[{"i":{"x":0.833,"y":0.833},"o":{"x":0.167,"y":0.167},"t":0,"s":[73.957,-271.661,0],"e":[103.163,-301.351,0],"to":[4.868,-4.948,0],"ti":[0,0,0]},{"i":{"x":0.833,"y":0.833},"o":{"x":0.167,"y":0.167},"t":8,"s":[103.163,-301.351,0],"e":[73.957,-271.661,0],"to":[0,0,0],"ti":[4.868,-4.948,0]},{"t":12}],"ix":2},"a":{"a":0,"k":[75.605,212.739,0],"ix":1},"s":{"a":0,"k":[100,100,100],"ix":6}},"ao":0,"ef":[{"ty":5,"nm":"Rotation - Overshoot","np":3,"mn":"ADBE Slider Control","ix":1,"en":1,"ef":[{"ty":0,"nm":"Slider","mn":"ADBE Slider Control-0001","ix":1,"v":{"a":0,"k":20,"ix":1,"x":"var $bm_rt;\n$bm_rt = clamp(value, 0, 100);"}}]},{"ty":5,"nm":"Rotation - Bounce","np":3,"mn":"ADBE Slider Control","ix":2,"en":1,"ef":[{"ty":0,"nm":"Slider","mn":"ADBE Slider Control-0001","ix":1,"v":{"a":0,"k":40,"ix":1,"x":"var $bm_rt;\n$bm_rt = clamp(value, 0, 100);"}}]},{"ty":5,"nm":"Rotation - Friction","np":3,"mn":"ADBE Slider Control","ix":3,"en":1,"ef":[{"ty":0,"nm":"Slider","mn":"ADBE Slider Control-0001","ix":1,"v":{"a":0,"k":60,"ix":1,"x":"var $bm_rt;\n$bm_rt = clamp(value, 0, 100);"}}]}],"shapes":[{"ty":"gr","it":[{"ind":0,"ty":"sh","ix":1,"ks":{"a":0,"k":{"i":[[4.158,5.02],[0,0],[32.361,2.073],[-2.138,-20.303],[-11.021,-25.127],[0,0]],"o":[[-68.363,-82.541],[0,0],[0,0],[1.939,18.403],[0,0],[4.855,1.389]],"v":[[84.156,69.678],[-25.27,-74.837],[-76.526,-77.268],[-86.175,-49.525],[-50.792,4.68],[78.833,75.879]],"c":true},"ix":2},"nm":"Path 1","mn":"ADBE Vector Shape - Group","hd":false},{"ty":"fl","c":{"a":0,"k":[0.745000023935,0.128999986836,0.416000007181,1],"ix":4},"o":{"a":0,"k":100,"ix":5},"r":1,"bm":0,"nm":"Fill 1","mn":"ADBE Vector Graphic - Fill","hd":false},{"ty":"tr","p":{"a":0,"k":[212.646,90.722],"ix":2},"a":{"a":0,"k":[0,0],"ix":1},"s":{"a":0,"k":[100,100],"ix":3},"r":{"a":0,"k":0,"ix":6},"o":{"a":0,"k":100,"ix":7},"sk":{"a":0,"k":0,"ix":4},"sa":{"a":0,"k":0,"ix":5},"nm":"Transform"}],"nm":"Group 1","np":2,"cix":2,"bm":0,"ix":1,"mn":"ADBE Vector Group","hd":false},{"ty":"gr","it":[{"ind":0,"ty":"sh","ix":1,"ks":{"a":0,"k":{"i":[[4.158,5.02],[0,0],[106.332,13.413],[-3.775,-3.353],[0,0]],"o":[[-68.363,-82.541],[0,0],[-6.467,-0.816],[0,0],[4.855,1.389]],"v":[[146.197,76.28],[36.772,-68.235],[-143.888,-83.054],[-146.266,-75.235],[140.875,82.481]],"c":true},"ix":2},"nm":"Path 1","mn":"ADBE Vector Shape - Group","hd":false},{"ty":"fl","c":{"a":0,"k":[0.929000016755,0.438999998803,0.666999966491,1],"ix":4},"o":{"a":0,"k":100,"ix":5},"r":1,"bm":0,"nm":"Fill 1","mn":"ADBE Vector Graphic - Fill","hd":false},{"ty":"tr","p":{"a":0,"k":[150.605,84.12],"ix":2},"a":{"a":0,"k":[0,0],"ix":1},"s":{"a":0,"k":[100,100],"ix":3},"r":{"a":0,"k":0,"ix":6},"o":{"a":0,"k":100,"ix":7},"sk":{"a":0,"k":0,"ix":4},"sa":{"a":0,"k":0,"ix":5},"nm":"Transform"}],"nm":"Group 2","np":2,"cix":2,"bm":0,"ix":2,"mn":"ADBE Vector Group","hd":false},{"ty":"gr","it":[{"ind":0,"ty":"sh","ix":1,"ks":{"a":0,"k":{"i":[[0,0],[6.418,3.524],[0,0],[-3.525,6.417],[0,0],[-6.417,-3.525],[0,0],[3.525,-6.417]],"o":[[-3.525,6.417],[0,0],[-6.418,-3.525],[0,0],[3.526,-6.417],[0,0],[6.417,3.525],[0,0]],"v":[[-32.094,88.721],[-50.096,93.96],[-52.418,92.684],[-57.656,74.681],[32.094,-88.722],[50.096,-93.959],[52.422,-92.683],[57.656,-74.681]],"c":true},"ix":2},"nm":"Path 1","mn":"ADBE Vector Shape - Group","hd":false},{"ty":"fl","c":{"a":0,"k":[0.152999997606,0.638999968884,0.866999966491,1],"ix":4},"o":{"a":0,"k":100,"ix":5},"r":1,"bm":0,"nm":"Fill 1","mn":"ADBE Vector Graphic - Fill","hd":false},{"ty":"tr","p":{"a":0,"k":[121.359,136.078],"ix":2},"a":{"a":0,"k":[0,0],"ix":1},"s":{"a":0,"k":[100,100],"ix":3},"r":{"a":0,"k":0,"ix":6},"o":{"a":0,"k":100,"ix":7},"sk":{"a":0,"k":0,"ix":4},"sa":{"a":0,"k":0,"ix":5},"nm":"Transform"}],"nm":"Group 3","np":2,"cix":2,"bm":0,"ix":3,"mn":"ADBE Vector Group","hd":false}],"ip":0,"op":600,"st":0,"bm":0},{"ddd":0,"ind":7,"ty":3,"nm":"Null 1","sr":1,"ks":{"o":{"a":0,"k":0,"ix":11},"r":{"a":1,"k":[{"i":{"x":[0.833],"y":[0.833]},"o":{"x":[0.167],"y":[0.167]},"t":0,"s":[0],"e":[-5]},{"i":{"x":[0.833],"y":[0.833]},"o":{"x":[0.167],"y":[0.167]},"t":6,"s":[-5],"e":[0]},{"t":12}],"ix":10},"p":{"a":1,"k":[{"i":{"x":0.198,"y":1},"o":{"x":0.333,"y":0},"t":0,"s":[90.5,141.625,0],"e":[90.5,114.125,0],"to":[0,-4.583,0],"ti":[-0.792,-1.292,0]},{"i":{"x":0.667,"y":1},"o":{"x":1,"y":0},"t":8,"s":[90.5,114.125,0],"e":[95.25,149.375,0],"to":[0.792,1.292,0],"ti":[-0.792,-5.875,0]},{"t":12}],"ix":2},"a":{"a":0,"k":[0,0,0],"ix":1},"s":{"a":1,"k":[{"i":{"x":[0.833,0.833,0.833],"y":[0.833,0.833,0.833]},"o":{"x":[0.167,0.167,0.167],"y":[0.167,0.167,0.167]},"t":0,"s":[12,12,100],"e":[10.5,10.5,100]},{"t":12}],"ix":6}},"ao":0,"ip":0,"op":600,"st":0,"bm":0},{"ddd":0,"ind":8,"ty":4,"nm":"Bowl Outlines","parent":7,"sr":1,"ks":{"o":{"a":0,"k":100,"ix":11},"r":{"a":0,"k":0,"ix":10},"p":{"a":0,"k":[-0.001,216.924,0],"ix":2},"a":{"a":0,"k":[487.788,259.65,0],"ix":1},"s":{"a":0,"k":[100,100,100],"ix":6}},"ao":0,"shapes":[{"ty":"gr","it":[{"ind":0,"ty":"sh","ix":1,"ks":{"a":0,"k":{"i":[[0.538,229.474],[-7.084,0],[0,0],[0,-4.857],[-105.89,0],[0,0]],"o":[[0,-4.857],[0,0],[-7.084,0],[0.538,229.474],[0,0],[-105.89,0]],"v":[[-75.714,-240.127],[-68.63,-259.4],[-216.63,-259.4],[-223.714,-240.127],[75.714,259.4],[223.714,259.4]],"c":true},"ix":2},"nm":"Path 1","mn":"ADBE Vector Shape - Group","hd":false},{"ty":"fl","c":{"a":0,"k":[0.811999990426,0.819999964097,0.834999952129,1],"ix":4},"o":{"a":0,"k":100,"ix":5},"r":1,"bm":0,"nm":"Fill 1","mn":"ADBE Vector Graphic - Fill","hd":false},{"ty":"tr","p":{"a":0,"k":[223.964,259.651],"ix":2},"a":{"a":0,"k":[0,0],"ix":1},"s":{"a":0,"k":[100,100],"ix":3},"r":{"a":0,"k":0,"ix":6},"o":{"a":0,"k":100,"ix":7},"sk":{"a":0,"k":0,"ix":4},"sa":{"a":0,"k":0,"ix":5},"nm":"Transform"}],"nm":"Group 1","np":2,"cix":2,"bm":0,"ix":1,"mn":"ADBE Vector Group","hd":false},{"ty":"gr","it":[{"ind":0,"ty":"sh","ix":1,"ks":{"a":0,"k":{"i":[[7.084,0],[0,0],[0,-4.856],[-105.89,0],[0,0],[-0.537,229.475]],"o":[[0,0],[-7.084,0],[0.537,229.475],[0,0],[105.891,0],[0,-4.855]],"v":[[480.453,-259.4],[-480.453,-259.4],[-487.537,-240.127],[-188.109,259.4],[188.109,259.4],[487.537,-240.127]],"c":true},"ix":2},"nm":"Path 1","mn":"ADBE Vector Shape - Group","hd":false},{"ty":"fl","c":{"a":0,"k":[0.902000038297,0.913999968884,0.929000016755,1],"ix":4},"o":{"a":0,"k":100,"ix":5},"r":1,"bm":0,"nm":"Fill 1","mn":"ADBE Vector Graphic - Fill","hd":false},{"ty":"tr","p":{"a":0,"k":[487.788,259.65],"ix":2},"a":{"a":0,"k":[0,0],"ix":1},"s":{"a":0,"k":[100,100],"ix":3},"r":{"a":0,"k":0,"ix":6},"o":{"a":0,"k":100,"ix":7},"sk":{"a":0,"k":0,"ix":4},"sa":{"a":0,"k":0,"ix":5},"nm":"Transform"}],"nm":"Group 2","np":2,"cix":2,"bm":0,"ix":2,"mn":"ADBE Vector Group","hd":false}],"ip":0,"op":600,"st":0,"bm":0},{"ddd":0,"ind":9,"ty":4,"nm":"Tomato 1 Outlines","parent":7,"sr":1,"ks":{"o":{"a":0,"k":100,"ix":11},"r":{"a":1,"k":[{"i":{"x":[0.833],"y":[0.833]},"o":{"x":[0.167],"y":[0.167]},"t":0,"s":[0],"e":[-60]},{"i":{"x":[0.833],"y":[0.833]},"o":{"x":[0.167],"y":[0.167]},"t":6,"s":[-60],"e":[-80]},{"i":{"x":[0.833],"y":[1.093]},"o":{"x":[0.167],"y":[0.167]},"t":8,"s":[-80],"e":[-90]},{"i":{"x":[0.833],"y":[0.771]},"o":{"x":[0.167],"y":[0.044]},"t":9,"s":[-90],"e":[-68.832]},{"i":{"x":[0.833],"y":[0.854]},"o":{"x":[0.167],"y":[0.153]},"t":10,"s":[-68.832],"e":[26.497]},{"i":{"x":[0.833],"y":[0.903]},"o":{"x":[0.167],"y":[0.294]},"t":13,"s":[26.497],"e":[42.225]},{"i":{"x":[0.833],"y":[1.49]},"o":{"x":[0.167],"y":[0.581]},"t":14,"s":[42.225],"e":[44.859]},{"i":{"x":[0.833],"y":[0.804]},"o":{"x":[0.167],"y":[0.1]},"t":15,"s":[44.859],"e":[18.986]},{"i":{"x":[0.833],"y":[0.923]},"o":{"x":[0.167],"y":[0.145]},"t":17,"s":[18.986],"e":[-16.071]},{"i":{"x":[0.833],"y":[1.287]},"o":{"x":[0.167],"y":[0.725]},"t":19,"s":[-16.071],"e":[-21.679]},{"i":{"x":[0.833],"y":[0.833]},"o":{"x":[0.167],"y":[0.049]},"t":22,"s":[-21.679],"e":[0]},{"t":24}],"ix":10},"p":{"a":1,"k":[{"i":{"x":0,"y":1},"o":{"x":0.265,"y":0},"t":0,"s":[-12.515,-76.569,0],"e":[-147.49,-252.416,0],"to":[-22.496,-29.308,0],"ti":[0,0,0]},{"i":{"x":0.745,"y":1},"o":{"x":1,"y":0},"t":9,"s":[-147.49,-252.416,0],"e":[-12.515,-76.569,0],"to":[0,0,0],"ti":[-22.496,-29.308,0]},{"t":12}],"ix":2},"a":{"a":0,"k":[179.492,89.871,0],"ix":1},"s":{"a":0,"k":[100,100,100],"ix":6}},"ao":0,"shapes":[{"ty":"gr","it":[{"ind":0,"ty":"sh","ix":1,"ks":{"a":0,"k":{"i":[[0,0],[-1.082,-1.902],[-0.141,-2.332],[0.877,-2.436],[1.865,-2.16],[1.072,-0.833],[1.17,-0.559],[2.322,-0.12],[2.839,3.463],[0,0],[0.371,3.546],[-0.402,1.49],[-0.344,0.662],[-0.484,0.584],[-1.43,0.57],[-1.774,0.022],[-1.976,-0.574],[-1.873,-1.232]],"o":[[1.873,1.23],[1.051,1.881],[0.168,2.35],[-0.84,2.465],[-0.929,1.082],[-1.09,0.816],[-2.35,1.109],[-4.701,0.203],[0,0],[-2.842,-3.463],[-0.197,-1.801],[0.195,-0.75],[0.33,-0.678],[0.969,-1.164],[1.463,-0.54],[1.799,-0.002],[1.946,0.555],[0,0]],"v":[[21.739,-5.455],[26.198,-0.715],[27.999,5.666],[26.88,12.887],[22.688,19.83],[19.61,22.649],[16.249,24.754],[9.192,26.645],[-2.534,21.621],[-23.249,-3.469],[-27.97,-14.56],[-27.72,-19.584],[-26.952,-21.748],[-25.675,-23.588],[-21.929,-26.06],[-16.966,-26.846],[-11.236,-25.994],[-5.435,-23.346]],"c":true},"ix":2},"nm":"Path 1","mn":"ADBE Vector Shape - Group","hd":false},{"ty":"fl","c":{"a":0,"k":[0.752999997606,0.152999997606,0.176000004189,1],"ix":4},"o":{"a":0,"k":100,"ix":5},"r":1,"bm":0,"nm":"Fill 1","mn":"ADBE Vector Graphic - Fill","hd":false},{"ty":"tr","p":{"a":0,"k":[279.539,66.289],"ix":2},"a":{"a":0,"k":[0,0],"ix":1},"s":{"a":0,"k":[100,100],"ix":3},"r":{"a":0,"k":0,"ix":6},"o":{"a":0,"k":100,"ix":7},"sk":{"a":0,"k":0,"ix":4},"sa":{"a":0,"k":0,"ix":5},"nm":"Transform"}],"nm":"Group 1","np":2,"cix":2,"bm":0,"ix":1,"mn":"ADBE Vector Group","hd":false},{"ty":"gr","it":[{"ind":0,"ty":"sh","ix":1,"ks":{"a":0,"k":{"i":[[0,0],[-0.209,-2.17],[0.153,-1.108],[0.414,-1.086],[1.824,-1.82],[1.107,-0.801],[1.303,-0.592],[4.334,1.676],[1.469,1.588],[0.595,2.16],[0,0],[-0.064,2.035],[-0.533,1.766],[-2.731,1.252],[-0.742,0.107],[-0.783,-0.062],[-1.656,-0.748],[-0.824,-0.526],[-0.781,-0.654],[-1.211,-1.887]],"o":[[1.211,1.887],[0.103,1.082],[-0.162,1.093],[-0.83,2.168],[-0.902,0.926],[-1.119,0.771],[-5.226,2.369],[-2.162,-0.793],[-1.476,-1.597],[0,0],[-0.593,-2.16],[0.063,-2.049],[1.106,-3.457],[0.685,-0.316],[0.729,-0.139],[1.58,0.159],[0.827,0.373],[0.814,0.511],[1.559,1.305],[0,0]],"v":[[20.229,5.355],[22.37,11.487],[22.303,14.789],[21.436,18.067],[17.47,24.214],[14.452,26.817],[10.798,28.852],[-4.34,29.589],[-9.874,25.883],[-13.009,20.208],[-21.666,-11.156],[-22.408,-17.511],[-21.455,-23.192],[-15.723,-30.487],[-13.572,-31.094],[-11.304,-31.203],[-6.457,-29.901],[-3.974,-28.55],[-1.58,-26.813],[2.655,-22.023]],"c":true},"ix":2},"nm":"Path 1","mn":"ADBE Vector Shape - Group","hd":false},{"ty":"fl","c":{"a":0,"k":[0.752999997606,0.152999997606,0.176000004189,1],"ix":4},"o":{"a":0,"k":100,"ix":5},"r":1,"bm":0,"nm":"Fill 1","mn":"ADBE Vector Graphic - Fill","hd":false},{"ty":"tr","p":{"a":0,"k":[236.334,97.307],"ix":2},"a":{"a":0,"k":[0,0],"ix":1},"s":{"a":0,"k":[100,100],"ix":3},"r":{"a":0,"k":0,"ix":6},"o":{"a":0,"k":100,"ix":7},"sk":{"a":0,"k":0,"ix":4},"sa":{"a":0,"k":0,"ix":5},"nm":"Transform"}],"nm":"Group 2","np":2,"cix":2,"bm":0,"ix":2,"mn":"ADBE Vector Group","hd":false},{"ty":"gr","it":[{"ind":0,"ty":"sh","ix":1,"ks":{"a":0,"k":{"i":[[0,0],[3.295,-3.363],[2.395,-1.003],[2.845,-0.072],[2.395,0.973],[1.642,1.646],[-0.677,4.426],[0,0],[-2.386,2.643],[-1.378,0.699],[-1.521,-0.072],[-1.383,-0.733],[-1.206,-1.353],[-0.679,-4.427]],"o":[[0.678,4.426],[-1.642,1.646],[-2.395,0.973],[-2.847,-0.072],[-2.396,-1.003],[-3.296,-3.363],[0,0],[0.677,-4.427],[1.206,-1.353],[1.384,-0.733],[1.519,-0.072],[1.379,0.699],[2.384,2.643],[0,0]],"v":[[18.176,14.947],[14.072,27.033],[7.95,31.013],[0.002,32.533],[-7.949,31.013],[-14.07,27.033],[-18.176,14.947],[-13.355,-17.231],[-8.265,-28.149],[-4.361,-31.326],[0.002,-32.461],[4.361,-31.326],[8.266,-28.149],[13.357,-17.231]],"c":true},"ix":2},"nm":"Path 1","mn":"ADBE Vector Shape - Group","hd":false},{"ty":"fl","c":{"a":0,"k":[0.752999997606,0.152999997606,0.176000004189,1],"ix":4},"o":{"a":0,"k":100,"ix":5},"r":1,"bm":0,"nm":"Fill 1","mn":"ADBE Vector Graphic - Fill","hd":false},{"ty":"tr","p":{"a":0,"k":[179.491,107.766],"ix":2},"a":{"a":0,"k":[0,0],"ix":1},"s":{"a":0,"k":[100,100],"ix":3},"r":{"a":0,"k":0,"ix":6},"o":{"a":0,"k":100,"ix":7},"sk":{"a":0,"k":0,"ix":4},"sa":{"a":0,"k":0,"ix":5},"nm":"Transform"}],"nm":"Group 3","np":2,"cix":2,"bm":0,"ix":3,"mn":"ADBE Vector Group","hd":false},{"ty":"gr","it":[{"ind":0,"ty":"sh","ix":1,"ks":{"a":0,"k":{"i":[[0,0],[1.475,-1.598],[2.163,-0.795],[5.225,2.369],[1.12,0.772],[0.902,0.926],[0.83,2.168],[0.162,1.094],[-0.104,1.082],[-1.21,1.887],[0,0],[-1.558,1.305],[-0.815,0.512],[-0.827,0.373],[-1.581,0.158],[-0.727,-0.138],[-0.685,-0.315],[-1.105,-3.457],[-0.062,-2.049],[0.595,-2.16]],"o":[[-0.596,2.16],[-1.47,1.588],[-4.333,1.674],[-1.302,-0.592],[-1.106,-0.8],[-1.824,-1.819],[-0.415,-1.086],[-0.153,-1.105],[0.21,-2.17],[0,0],[1.211,-1.887],[0.78,-0.654],[0.824,-0.525],[1.656,-0.748],[0.782,-0.063],[0.742,0.108],[2.73,1.252],[0.534,1.765],[0.065,2.035],[0,0]],"v":[[13.01,20.207],[9.875,25.883],[4.341,29.592],[-10.797,28.852],[-14.451,26.816],[-17.47,24.215],[-21.434,18.066],[-22.301,14.789],[-22.368,11.486],[-20.228,5.355],[-2.654,-22.023],[1.581,-26.813],[3.975,-28.551],[6.458,-29.9],[11.306,-31.203],[13.573,-31.094],[15.724,-30.486],[21.454,-23.191],[22.408,-17.512],[21.665,-11.156]],"c":true},"ix":2},"nm":"Path 1","mn":"ADBE Vector Shape - Group","hd":false},{"ty":"fl","c":{"a":0,"k":[0.752999997606,0.152999997606,0.176000004189,1],"ix":4},"o":{"a":0,"k":100,"ix":5},"r":1,"bm":0,"nm":"Fill 1","mn":"ADBE Vector Graphic - Fill","hd":false},{"ty":"tr","p":{"a":0,"k":[122.647,97.307],"ix":2},"a":{"a":0,"k":[0,0],"ix":1},"s":{"a":0,"k":[100,100],"ix":3},"r":{"a":0,"k":0,"ix":6},"o":{"a":0,"k":100,"ix":7},"sk":{"a":0,"k":0,"ix":4},"sa":{"a":0,"k":0,"ix":5},"nm":"Transform"}],"nm":"Group 4","np":2,"cix":2,"bm":0,"ix":4,"mn":"ADBE Vector Group","hd":false},{"ty":"gr","it":[{"ind":0,"ty":"sh","ix":1,"ks":{"a":0,"k":{"i":[[0,0],[4.7,0.204],[2.35,1.109],[1.09,0.815],[0.931,1.08],[0.84,2.464],[-0.167,2.35],[-1.052,1.881],[-1.871,1.23],[0,0],[-1.945,0.554],[-1.8,-0.002],[-1.464,-0.539],[-0.968,-1.164],[-0.329,-0.678],[-0.197,-0.75],[0.197,-1.8],[2.841,-3.463]],"o":[[-2.841,3.463],[-2.323,-0.119],[-1.17,-0.561],[-1.072,-0.832],[-1.864,-2.162],[-0.877,-2.438],[0.14,-2.332],[1.08,-1.902],[0,0],[1.872,-1.232],[1.977,-0.574],[1.774,0.022],[1.429,0.571],[0.484,0.584],[0.346,0.664],[0.402,1.49],[-0.372,3.547],[0,0]],"v":[[2.534,21.621],[-9.193,26.644],[-16.25,24.756],[-19.611,22.65],[-22.689,19.832],[-26.88,12.889],[-28,5.666],[-26.198,-0.715],[-21.741,-5.455],[5.434,-23.346],[11.234,-25.994],[16.965,-26.846],[21.929,-26.061],[25.675,-23.588],[26.951,-21.748],[27.72,-19.584],[27.97,-14.561],[23.249,-3.469]],"c":true},"ix":2},"nm":"Path 1","mn":"ADBE Vector Shape - Group","hd":false},{"ty":"fl","c":{"a":0,"k":[0.752999997606,0.152999997606,0.176000004189,1],"ix":4},"o":{"a":0,"k":100,"ix":5},"r":1,"bm":0,"nm":"Fill 1","mn":"ADBE Vector Graphic - Fill","hd":false},{"ty":"tr","p":{"a":0,"k":[79.444,66.289],"ix":2},"a":{"a":0,"k":[0,0],"ix":1},"s":{"a":0,"k":[100,100],"ix":3},"r":{"a":0,"k":0,"ix":6},"o":{"a":0,"k":100,"ix":7},"sk":{"a":0,"k":0,"ix":4},"sa":{"a":0,"k":0,"ix":5},"nm":"Transform"}],"nm":"Group 5","np":2,"cix":2,"bm":0,"ix":5,"mn":"ADBE Vector Group","hd":false},{"ty":"gr","it":[{"ind":0,"ty":"sh","ix":1,"ks":{"a":0,"k":{"i":[[-98.992,0],[0,98.992],[0,0]],"o":[[98.992,0],[0,0],[0,98.992]],"v":[[0,89.621],[179.241,-89.621],[-179.241,-89.621]],"c":true},"ix":2},"nm":"Path 1","mn":"ADBE Vector Shape - Group","hd":false},{"ty":"fl","c":{"a":0,"k":[0.936999990426,0.313999998803,0.313999998803,1],"ix":4},"o":{"a":0,"k":100,"ix":5},"r":1,"bm":0,"nm":"Fill 1","mn":"ADBE Vector Graphic - Fill","hd":false},{"ty":"tr","p":{"a":0,"k":[179.491,89.871],"ix":2},"a":{"a":0,"k":[0,0],"ix":1},"s":{"a":0,"k":[100,100],"ix":3},"r":{"a":0,"k":0,"ix":6},"o":{"a":0,"k":100,"ix":7},"sk":{"a":0,"k":0,"ix":4},"sa":{"a":0,"k":0,"ix":5},"nm":"Transform"}],"nm":"Group 6","np":2,"cix":2,"bm":0,"ix":6,"mn":"ADBE Vector Group","hd":false}],"ip":0,"op":600,"st":0,"bm":0},{"ddd":0,"ind":10,"ty":4,"nm":"pepper 1 Outlines","parent":7,"sr":1,"ks":{"o":{"a":0,"k":100,"ix":11},"r":{"a":0,"k":0,"ix":10},"p":{"a":1,"k":[{"i":{"x":0,"y":1},"o":{"x":0.265,"y":0},"t":0,"s":[-12.516,-186.414,0],"e":[56.631,-548.195,0],"to":[11.524,-60.297,0],"ti":[0,0,0]},{"i":{"x":0.745,"y":1},"o":{"x":1,"y":0},"t":9,"s":[56.631,-548.195,0],"e":[-12.516,-186.414,0],"to":[0,0,0],"ti":[11.524,-60.297,0]},{"t":13}],"ix":2},"a":{"a":0,"k":[90.541,90.541,0],"ix":1},"s":{"a":0,"k":[100,100,100],"ix":6}},"ao":0,"shapes":[{"ty":"gr","it":[{"ind":0,"ty":"sh","ix":1,"ks":{"a":0,"k":{"i":[[0,-49.866],[49.867,0],[0,49.867],[-49.866,0]],"o":[[0,49.867],[-49.866,0],[0,-49.866],[49.867,0]],"v":[[90.291,-0.001],[0,90.292],[-90.291,-0.001],[0,-90.292]],"c":true},"ix":2},"nm":"Path 1","mn":"ADBE Vector Shape - Group","hd":false},{"ty":"fl","c":{"a":0,"k":[0.969000004787,0.57599995931,0.118000000598,1],"ix":4},"o":{"a":0,"k":100,"ix":5},"r":1,"bm":0,"nm":"Fill 1","mn":"ADBE Vector Graphic - Fill","hd":false},{"ty":"tr","p":{"a":0,"k":[90.541,90.542],"ix":2},"a":{"a":0,"k":[0,0],"ix":1},"s":{"a":0,"k":[100,100],"ix":3},"r":{"a":0,"k":0,"ix":6},"o":{"a":0,"k":100,"ix":7},"sk":{"a":0,"k":0,"ix":4},"sa":{"a":0,"k":0,"ix":5},"nm":"Transform"}],"nm":"Group 1","np":2,"cix":2,"bm":0,"ix":1,"mn":"ADBE Vector Group","hd":false}],"ip":0,"op":600,"st":0,"bm":0},{"ddd":0,"ind":11,"ty":4,"nm":"Lettuce 1 Outlines","parent":7,"sr":1,"ks":{"o":{"a":0,"k":100,"ix":11},"r":{"a":1,"k":[{"i":{"x":[0.833],"y":[0.833]},"o":{"x":[0.167],"y":[0.167]},"t":0,"s":[0],"e":[11]},{"i":{"x":[0.833],"y":[0.833]},"o":{"x":[0.167],"y":[0.167]},"t":9,"s":[11],"e":[0]},{"t":13}],"ix":10},"p":{"a":1,"k":[{"i":{"x":0.667,"y":1},"o":{"x":0.333,"y":0},"t":0,"s":[179.472,-81.285,0],"e":[192.119,-197.091,0],"to":[4.216,-38.602,0],"ti":[-4.216,38.602,0]},{"i":{"x":0.667,"y":1},"o":{"x":0.333,"y":0},"t":3,"s":[192.119,-197.091,0],"e":[194.249,-216.597,0],"to":[0.71,-6.502,0],"ti":[-0.71,6.502,0]},{"i":{"x":0.667,"y":1},"o":{"x":0.333,"y":0},"t":4,"s":[194.249,-216.597,0],"e":[195.563,-228.624,0],"to":[0.438,-4.009,0],"ti":[-0.438,4.009,0]},{"i":{"x":0.667,"y":1},"o":{"x":0.333,"y":0},"t":5,"s":[195.563,-228.624,0],"e":[196.893,-240.808,0],"to":[0,0,0],"ti":[0,0,0]},{"i":{"x":0.667,"y":1},"o":{"x":0.333,"y":0},"t":7,"s":[196.893,-240.808,0],"e":[197.235,-243.939,0],"to":[0,0,0],"ti":[0,0,0]},{"i":{"x":0.667,"y":1},"o":{"x":0.333,"y":0},"t":9,"s":[197.235,-243.939,0],"e":[189.645,-174.434,0],"to":[-2.53,23.168,0],"ti":[2.53,-23.168,0]},{"i":{"x":0.667,"y":1},"o":{"x":0.333,"y":0},"t":12,"s":[189.645,-174.434,0],"e":[179.472,-81.285,0],"to":[-3.391,31.05,0],"ti":[3.391,-31.05,0]},{"i":{"x":0.667,"y":1},"o":{"x":0.333,"y":0},"t":13,"s":[179.472,-81.285,0],"e":[178.278,-70.347,0],"to":[-0.398,3.646,0],"ti":[0.398,-3.646,0]},{"i":{"x":0.667,"y":1},"o":{"x":0.333,"y":0},"t":14,"s":[178.278,-70.347,0],"e":[177.85,-66.428,0],"to":[-0.143,1.306,0],"ti":[0.143,-1.306,0]},{"i":{"x":0.667,"y":1},"o":{"x":0.333,"y":0},"t":15,"s":[177.85,-66.428,0],"e":[177.45,-62.768,0],"to":[-0.133,1.22,0],"ti":[-0.133,1.22,0]},{"i":{"x":0.667,"y":1},"o":{"x":0.333,"y":0},"t":16,"s":[177.45,-62.768,0],"e":[180.565,-91.292,0],"to":[1.038,-9.508,0],"ti":[-1.038,9.508,0]},{"i":{"x":0.667,"y":1},"o":{"x":0.333,"y":0},"t":21,"s":[180.565,-91.292,0],"e":[180.191,-87.864,0],"to":[0.125,-1.143,0],"ti":[0.125,-1.143,0]},{"i":{"x":0.667,"y":1},"o":{"x":0.333,"y":0},"t":22,"s":[180.191,-87.864,0],"e":[179.472,-81.285,0],"to":[-0.239,2.193,0],"ti":[0.239,-2.193,0]},{"t":24}],"ix":2},"a":{"a":0,"k":[190.762,182.827,0],"ix":1},"s":{"a":0,"k":[100,100,100],"ix":6}},"ao":0,"shapes":[{"ty":"gr","it":[{"ind":0,"ty":"sh","ix":1,"ks":{"a":0,"k":{"i":[[0,0],[-9.278,-9.278],[2.629,-11.927]],"o":[[11.928,-2.63],[9.277,9.277],[0,0]],"v":[[-23.39,-20.76],[10.791,-10.79],[20.762,23.389]],"c":false},"ix":2},"nm":"Path 1","mn":"ADBE Vector Shape - Group","hd":false},{"ty":"st","c":{"a":0,"k":[0.536999990426,0.788000009574,0.277999997606,1],"ix":3},"o":{"a":0,"k":100,"ix":4},"w":{"a":0,"k":35,"ix":5},"lc":2,"lj":1,"ml":10,"bm":0,"nm":"Stroke 1","mn":"ADBE Vector Graphic - Stroke","hd":false},{"ty":"tr","p":{"a":0,"k":[240.054,226.567],"ix":2},"a":{"a":0,"k":[0,0],"ix":1},"s":{"a":0,"k":[100,100],"ix":3},"r":{"a":0,"k":0,"ix":6},"o":{"a":0,"k":100,"ix":7},"sk":{"a":0,"k":0,"ix":4},"sa":{"a":0,"k":0,"ix":5},"nm":"Transform"}],"nm":"Group 1","np":2,"cix":2,"bm":0,"ix":1,"mn":"ADBE Vector Group","hd":false},{"ty":"gr","it":[{"ind":0,"ty":"sh","ix":1,"ks":{"a":0,"k":{"i":[[0,0],[-13.713,-2.757],[-4.709,-12.139]],"o":[[9.035,-9.377],[13.71,2.756],[0,0]],"v":[[-32.631,0.487],[3.598,-10.847],[32.631,13.603]],"c":false},"ix":2},"nm":"Path 1","mn":"ADBE Vector Shape - Group","hd":false},{"ty":"st","c":{"a":0,"k":[0.536999990426,0.788000009574,0.277999997606,1],"ix":3},"o":{"a":0,"k":100,"ix":4},"w":{"a":0,"k":35,"ix":5},"lc":2,"lj":1,"ml":10,"bm":0,"nm":"Stroke 1","mn":"ADBE Vector Graphic - Stroke","hd":false},{"ty":"tr","p":{"a":0,"k":[195.519,101.104],"ix":2},"a":{"a":0,"k":[0,0],"ix":1},"s":{"a":0,"k":[100,100],"ix":3},"r":{"a":0,"k":0,"ix":6},"o":{"a":0,"k":100,"ix":7},"sk":{"a":0,"k":0,"ix":4},"sa":{"a":0,"k":0,"ix":5},"nm":"Transform"}],"nm":"Group 2","np":2,"cix":2,"bm":0,"ix":2,"mn":"ADBE Vector Group","hd":false},{"ty":"gr","it":[{"ind":0,"ty":"sh","ix":1,"ks":{"a":0,"k":{"i":[[25.783,32.003],[-0.116,0.114],[31.826,31.828],[26.774,-6.579],[13.407,13.407],[31.826,-31.827],[3.942,-8.759],[23.16,-23.16],[-31.177,-31.176],[-19.707,-0.528],[-21.107,-21.108],[-31.928,20.449],[-7.778,-7.779],[-31.828,31.828]],"o":[[0.115,-0.114],[31.826,-31.828],[-20.92,-20.919],[-2.113,-17.467],[-31.828,-31.827],[-7.196,7.195],[-28.658,-11.251],[-31.177,31.177],[15.041,15.041],[-6.551,27.034],[27.912,27.912],[3.976,9.561],[31.828,31.828],[29.719,-29.719]],"v":[[158.334,38.103],[158.686,37.771],[158.686,-77.488],[81.531,-98.994],[58.275,-146.785],[-56.982,-146.785],[-73.672,-122.619],[-159.336,-104.77],[-159.336,8.131],[-105.038,31.462],[-83.205,109.306],[19.563,120.48],[37.18,146.784],[152.439,146.783]],"c":true},"ix":2},"nm":"Path 1","mn":"ADBE Vector Shape - Group","hd":false},{"ty":"fl","c":{"a":0,"k":[0.211999990426,0.54900004069,0.054999998504,1],"ix":4},"o":{"a":0,"k":100,"ix":5},"r":1,"bm":0,"nm":"Fill 1","mn":"ADBE Vector Graphic - Fill","hd":false},{"ty":"tr","p":{"a":0,"k":[190.762,186.793],"ix":2},"a":{"a":0,"k":[0,0],"ix":1},"s":{"a":0,"k":[100,100],"ix":3},"r":{"a":0,"k":0,"ix":6},"o":{"a":0,"k":100,"ix":7},"sk":{"a":0,"k":0,"ix":4},"sa":{"a":0,"k":0,"ix":5},"nm":"Transform"}],"nm":"Group 3","np":2,"cix":2,"bm":0,"ix":3,"mn":"ADBE Vector Group","hd":false}],"ip":0,"op":600,"st":0,"bm":0},{"ddd":0,"ind":12,"ty":4,"nm":"Leaf 1 Outlines","parent":7,"sr":1,"ks":{"o":{"a":0,"k":100,"ix":11},"r":{"a":1,"k":[{"i":{"x":[0.833],"y":[0.833]},"o":{"x":[0.167],"y":[0.167]},"t":0,"s":[0],"e":[-32]},{"i":{"x":[0.833],"y":[0.833]},"o":{"x":[0.167],"y":[0.167]},"t":9,"s":[-32],"e":[0]},{"t":14}],"ix":10},"p":{"a":1,"k":[{"i":{"x":0,"y":1},"o":{"x":0.265,"y":0},"t":0,"s":[367.936,-82.103,0],"e":[469.418,-272.496,0],"to":[16.914,-31.732,0],"ti":[0,0,0]},{"i":{"x":0.745,"y":1},"o":{"x":1,"y":0},"t":9,"s":[469.418,-272.496,0],"e":[367.936,-82.103,0],"to":[0,0,0],"ti":[16.914,-31.732,0]},{"t":14}],"ix":2},"a":{"a":0,"k":[121.163,121.162,0],"ix":1},"s":{"a":0,"k":[100,100,100],"ix":6}},"ao":0,"shapes":[{"ty":"gr","it":[{"ind":0,"ty":"sh","ix":1,"ks":{"a":0,"k":{"i":[[-5.029,-5.03],[-5.461,-3.473],[0,0],[7.869,7.869],[7.869,-7.868],[0,0]],"o":[[5.031,5.029],[0,0],[7.867,-7.869],[-7.869,-7.869],[0,0],[3.472,5.461]],"v":[[-60.022,60.022],[-44.256,72.753],[64.885,-36.388],[64.883,-64.884],[36.388,-64.885],[-72.753,44.257]],"c":true},"ix":2},"nm":"Path 1","mn":"ADBE Vector Shape - Group","hd":false},{"ty":"fl","c":{"a":0,"k":[0.834999952129,0.913999968884,0.383999992819,1],"ix":4},"o":{"a":0,"k":100,"ix":5},"r":1,"bm":0,"nm":"Fill 1","mn":"ADBE Vector Graphic - Fill","hd":false},{"ty":"tr","p":{"a":0,"k":[101.054,141.27],"ix":2},"a":{"a":0,"k":[0,0],"ix":1},"s":{"a":0,"k":[100,100],"ix":3},"r":{"a":0,"k":0,"ix":6},"o":{"a":0,"k":100,"ix":7},"sk":{"a":0,"k":0,"ix":4},"sa":{"a":0,"k":0,"ix":5},"nm":"Transform"}],"nm":"Group 1","np":2,"cix":2,"bm":0,"ix":1,"mn":"ADBE Vector Group","hd":false},{"ty":"gr","it":[{"ind":0,"ty":"sh","ix":1,"ks":{"a":0,"k":{"i":[[20.846,53.779],[43.405,-43.403],[-40.782,-40.782],[-43.404,43.404]],"o":[[-53.775,-20.844],[-43.402,43.403],[40.783,40.783],[43.402,-43.403]],"v":[[100.067,-100.069],[-65.859,-60.855],[-80.13,80.129],[60.856,65.858]],"c":true},"ix":2},"nm":"Path 1","mn":"ADBE Vector Shape - Group","hd":false},{"ty":"fl","c":{"a":0,"k":[0.536999990426,0.788000009574,0.277999997606,1],"ix":4},"o":{"a":0,"k":100,"ix":5},"r":1,"bm":0,"nm":"Fill 1","mn":"ADBE Vector Graphic - Fill","hd":false},{"ty":"tr","p":{"a":0,"k":[121.162,121.163],"ix":2},"a":{"a":0,"k":[0,0],"ix":1},"s":{"a":0,"k":[100,100],"ix":3},"r":{"a":0,"k":0,"ix":6},"o":{"a":0,"k":100,"ix":7},"sk":{"a":0,"k":0,"ix":4},"sa":{"a":0,"k":0,"ix":5},"nm":"Transform"}],"nm":"Group 2","np":2,"cix":2,"bm":0,"ix":2,"mn":"ADBE Vector Group","hd":false}],"ip":0,"op":600,"st":0,"bm":0},{"ddd":0,"ind":13,"ty":4,"nm":"pepper 2 Outlines","parent":7,"sr":1,"ks":{"o":{"a":0,"k":100,"ix":11},"r":{"a":0,"k":0,"ix":10},"p":{"a":1,"k":[{"i":{"x":0,"y":1},"o":{"x":0.265,"y":0},"t":0,"s":[267.018,-217.651,0],"e":[360.901,-445.431,0],"to":[15.647,-37.963,0],"ti":[0,0,0]},{"i":{"x":0.745,"y":1},"o":{"x":1,"y":0},"t":9,"s":[360.901,-445.431,0],"e":[267.018,-217.651,0],"to":[0,0,0],"ti":[15.647,-37.963,0]},{"t":14}],"ix":2},"a":{"a":0,"k":[90.541,90.542,0],"ix":1},"s":{"a":0,"k":[100,100,100],"ix":6}},"ao":0,"shapes":[{"ty":"gr","it":[{"ind":0,"ty":"sh","ix":1,"ks":{"a":0,"k":{"i":[[0,-49.866],[49.865,0],[0,49.867],[-49.867,0]],"o":[[0,49.867],[-49.867,0],[0,-49.866],[49.865,0]],"v":[[90.291,-0.001],[0,90.292],[-90.291,-0.001],[0,-90.292]],"c":true},"ix":2},"nm":"Path 1","mn":"ADBE Vector Shape - Group","hd":false},{"ty":"fl","c":{"a":0,"k":[1,0.773000021542,0.008000000785,1],"ix":4},"o":{"a":0,"k":100,"ix":5},"r":1,"bm":0,"nm":"Fill 1","mn":"ADBE Vector Graphic - Fill","hd":false},{"ty":"tr","p":{"a":0,"k":[90.541,90.542],"ix":2},"a":{"a":0,"k":[0,0],"ix":1},"s":{"a":0,"k":[100,100],"ix":3},"r":{"a":0,"k":0,"ix":6},"o":{"a":0,"k":100,"ix":7},"sk":{"a":0,"k":0,"ix":4},"sa":{"a":0,"k":0,"ix":5},"nm":"Transform"}],"nm":"Group 1","np":2,"cix":2,"bm":0,"ix":1,"mn":"ADBE Vector Group","hd":false}],"ip":0,"op":600,"st":0,"bm":0},{"ddd":0,"ind":14,"ty":4,"nm":"Leaf 2 Outlines","parent":7,"sr":1,"ks":{"o":{"a":0,"k":100,"ix":11},"r":{"a":1,"k":[{"i":{"x":[0.667],"y":[1]},"o":{"x":[0.333],"y":[0]},"t":0,"s":[0],"e":[30]},{"i":{"x":[0.667],"y":[1]},"o":{"x":[0.333],"y":[0]},"t":6,"s":[30],"e":[40]},{"i":{"x":[0.667],"y":[1]},"o":{"x":[0.333],"y":[0]},"t":8,"s":[40],"e":[45]},{"i":{"x":[0.667],"y":[1]},"o":{"x":[0.333],"y":[0]},"t":9,"s":[45],"e":[38.163]},{"i":{"x":[0.667],"y":[1]},"o":{"x":[0.333],"y":[0]},"t":10,"s":[38.163],"e":[30.375]},{"i":{"x":[0.667],"y":[1]},"o":{"x":[0.333],"y":[0]},"t":11,"s":[30.375],"e":[5.053]},{"i":{"x":[0.667],"y":[1]},"o":{"x":[0.333],"y":[0]},"t":14,"s":[5.053],"e":[-6.075]},{"i":{"x":[0.667],"y":[1]},"o":{"x":[0.333],"y":[0]},"t":16,"s":[-6.075],"e":[-4.169]},{"i":{"x":[0.667],"y":[1]},"o":{"x":[0.333],"y":[0]},"t":18,"s":[-4.169],"e":[0]},{"t":24}],"ix":10},"p":{"a":1,"k":[{"i":{"x":0,"y":1},"o":{"x":0.265,"y":0},"t":0,"s":[111.786,-290.247,0],"e":[224.515,-623.462,0],"to":[18.788,-55.536,0],"ti":[0,0,0]},{"i":{"x":0.745,"y":1},"o":{"x":1,"y":0},"t":9,"s":[224.515,-623.462,0],"e":[111.786,-290.247,0],"to":[0,0,0],"ti":[18.788,-55.536,0]},{"t":14}],"ix":2},"a":{"a":0,"k":[129.263,129.263,0],"ix":1},"s":{"a":0,"k":[100,100,100],"ix":6}},"ao":0,"shapes":[{"ty":"gr","it":[{"ind":0,"ty":"sh","ix":1,"ks":{"a":0,"k":{"i":[[-5.367,-5.366],[-5.826,-3.707],[0,0],[8.397,8.397],[8.395,-8.396],[0,0]],"o":[[5.367,5.367],[0,0],[8.397,-8.396],[-8.396,-8.396],[0,0],[3.707,5.827]],"v":[[-64.042,64.042],[-47.222,77.628],[69.231,-38.826],[69.231,-69.232],[38.827,-69.232],[-77.628,47.221]],"c":true},"ix":2},"nm":"Path 1","mn":"ADBE Vector Shape - Group","hd":false},{"ty":"fl","c":{"a":0,"k":[0.834999952129,0.913999968884,0.383999992819,1],"ix":4},"o":{"a":0,"k":100,"ix":5},"r":1,"bm":0,"nm":"Fill 1","mn":"ADBE Vector Graphic - Fill","hd":false},{"ty":"tr","p":{"a":0,"k":[107.806,150.717],"ix":2},"a":{"a":0,"k":[0,0],"ix":1},"s":{"a":0,"k":[100,100],"ix":3},"r":{"a":0,"k":0,"ix":6},"o":{"a":0,"k":100,"ix":7},"sk":{"a":0,"k":0,"ix":4},"sa":{"a":0,"k":0,"ix":5},"nm":"Transform"}],"nm":"Group 1","np":2,"cix":2,"bm":0,"ix":1,"mn":"ADBE Vector Group","hd":false},{"ty":"gr","it":[{"ind":0,"ty":"sh","ix":1,"ks":{"a":0,"k":{"i":[[22.242,57.381],[46.313,-46.311],[-43.514,-43.515],[-46.31,46.312]],"o":[[-57.379,-22.24],[-46.31,46.311],[43.514,43.515],[46.311,-46.31]],"v":[[106.771,-106.773],[-70.272,-64.933],[-85.499,85.497],[64.931,70.27]],"c":true},"ix":2},"nm":"Path 1","mn":"ADBE Vector Shape - Group","hd":false},{"ty":"fl","c":{"a":0,"k":[0.536999990426,0.788000009574,0.277999997606,1],"ix":4},"o":{"a":0,"k":100,"ix":5},"r":1,"bm":0,"nm":"Fill 1","mn":"ADBE Vector Graphic - Fill","hd":false},{"ty":"tr","p":{"a":0,"k":[129.263,129.263],"ix":2},"a":{"a":0,"k":[0,0],"ix":1},"s":{"a":0,"k":[100,100],"ix":3},"r":{"a":0,"k":0,"ix":6},"o":{"a":0,"k":100,"ix":7},"sk":{"a":0,"k":0,"ix":4},"sa":{"a":0,"k":0,"ix":5},"nm":"Transform"}],"nm":"Group 2","np":2,"cix":2,"bm":0,"ix":2,"mn":"ADBE Vector Group","hd":false}],"ip":0,"op":600,"st":0,"bm":0},{"ddd":0,"ind":15,"ty":4,"nm":"Leaf 3 Outlines","parent":7,"sr":1,"ks":{"o":{"a":0,"k":100,"ix":11},"r":{"a":1,"k":[{"i":{"x":[0.833],"y":[0.833]},"o":{"x":[0.167],"y":[0.167]},"t":0,"s":[0],"e":[-15]},{"i":{"x":[0.833],"y":[0.833]},"o":{"x":[0.167],"y":[0.167]},"t":9,"s":[-15],"e":[0]},{"t":13}],"ix":10},"p":{"a":1,"k":[{"i":{"x":0,"y":1},"o":{"x":0.265,"y":0},"t":0,"s":[-246.85,-107.481,0],"e":[-435.017,-438.048,0],"to":[-31.361,-55.094,0],"ti":[0,0,0]},{"i":{"x":0.745,"y":1},"o":{"x":1,"y":0},"t":9,"s":[-435.017,-438.048,0],"e":[-246.85,-107.481,0],"to":[0,0,0],"ti":[-31.361,-55.094,0]},{"t":13}],"ix":2},"a":{"a":0,"k":[129.262,129.263,0],"ix":1},"s":{"a":0,"k":[100,100,100],"ix":6}},"ao":0,"shapes":[{"ty":"gr","it":[{"ind":0,"ty":"sh","ix":1,"ks":{"a":0,"k":{"i":[[-5.366,5.366],[-3.707,5.826],[0,0],[8.397,-8.397],[-8.396,-8.396],[0,0]],"o":[[5.367,-5.367],[0,0],[-8.396,-8.396],[-8.396,8.397],[0,0],[5.827,-3.706]],"v":[[64.042,64.043],[77.627,47.222],[-38.827,-69.231],[-69.232,-69.231],[-69.232,-38.825],[47.221,77.627]],"c":true},"ix":2},"nm":"Path 1","mn":"ADBE Vector Shape - Group","hd":false},{"ty":"fl","c":{"a":0,"k":[0.834999952129,0.913999968884,0.383999992819,1],"ix":4},"o":{"a":0,"k":100,"ix":5},"r":1,"bm":0,"nm":"Fill 1","mn":"ADBE Vector Graphic - Fill","hd":false},{"ty":"tr","p":{"a":0,"k":[150.717,150.718],"ix":2},"a":{"a":0,"k":[0,0],"ix":1},"s":{"a":0,"k":[100,100],"ix":3},"r":{"a":0,"k":0,"ix":6},"o":{"a":0,"k":100,"ix":7},"sk":{"a":0,"k":0,"ix":4},"sa":{"a":0,"k":0,"ix":5},"nm":"Transform"}],"nm":"Group 1","np":2,"cix":2,"bm":0,"ix":1,"mn":"ADBE Vector Group","hd":false},{"ty":"gr","it":[{"ind":0,"ty":"sh","ix":1,"ks":{"a":0,"k":{"i":[[57.381,-22.242],[-46.311,-46.312],[-43.515,43.514],[46.312,46.311]],"o":[[-22.24,57.379],[46.311,46.31],[43.515,-43.516],[-46.31,-46.311]],"v":[[-106.772,-106.771],[-64.932,70.271],[85.498,85.499],[70.27,-64.932]],"c":true},"ix":2},"nm":"Path 1","mn":"ADBE Vector Shape - Group","hd":false},{"ty":"fl","c":{"a":0,"k":[0.536999990426,0.788000009574,0.277999997606,1],"ix":4},"o":{"a":0,"k":100,"ix":5},"r":1,"bm":0,"nm":"Fill 1","mn":"ADBE Vector Graphic - Fill","hd":false},{"ty":"tr","p":{"a":0,"k":[129.262,129.263],"ix":2},"a":{"a":0,"k":[0,0],"ix":1},"s":{"a":0,"k":[100,100],"ix":3},"r":{"a":0,"k":0,"ix":6},"o":{"a":0,"k":100,"ix":7},"sk":{"a":0,"k":0,"ix":4},"sa":{"a":0,"k":0,"ix":5},"nm":"Transform"}],"nm":"Group 2","np":2,"cix":2,"bm":0,"ix":2,"mn":"ADBE Vector Group","hd":false}],"ip":0,"op":600,"st":0,"bm":0},{"ddd":0,"ind":16,"ty":4,"nm":"Layer 7 Outlines","parent":7,"sr":1,"ks":{"o":{"a":0,"k":100,"ix":11},"r":{"a":1,"k":[{"i":{"x":[0.833],"y":[0.833]},"o":{"x":[0.167],"y":[0.167]},"t":0,"s":[0],"e":[-18]},{"i":{"x":[0.833],"y":[0.833]},"o":{"x":[0.167],"y":[0.167]},"t":9,"s":[-18],"e":[0]},{"t":14}],"ix":10},"p":{"a":1,"k":[{"i":{"x":0.833,"y":0.833},"o":{"x":0.167,"y":0.167},"t":0,"s":[-238.015,-225.81,0],"e":[-184.676,-521.809,0],"to":[17.78,-98.666,0],"ti":[-17.78,98.666,0]},{"i":{"x":0.833,"y":0.785},"o":{"x":0.167,"y":0.161},"t":9,"s":[-184.676,-521.809,0],"e":[-190.112,-491.641,0],"to":[1.812,-10.056,0],"ti":[1.812,-10.056,0]},{"i":{"x":0.833,"y":0.776},"o":{"x":0.167,"y":0.15},"t":10,"s":[-190.112,-491.641,0],"e":[-207.819,-393.379,0],"to":[-5.902,32.754,0],"ti":[5.902,-32.754,0]},{"i":{"x":0.833,"y":0.854},"o":{"x":0.167,"y":0.133},"t":12,"s":[-207.819,-393.379,0],"e":[-202.301,-225.81,0],"to":[-10.065,55.856,0],"ti":[-5.411,-57.047,0]},{"i":{"x":0.833,"y":0.867},"o":{"x":0.167,"y":0.231},"t":14,"s":[-202.301,-225.81,0],"e":[-211.727,-173.506,0],"to":[1.673,17.637,0],"ti":[3.142,-17.435,0]},{"i":{"x":0.833,"y":0.901},"o":{"x":0.167,"y":0.224},"t":15,"s":[-211.727,-173.506,0],"e":[-217.321,-142.459,0],"to":[-1.865,10.349,0],"ti":[1.865,-10.349,0]},{"i":{"x":0.833,"y":0.662},"o":{"x":0.167,"y":0.522},"t":16,"s":[-217.321,-142.459,0],"e":[-218.258,-137.26,0],"to":[-0.312,1.733,0],"ti":[-0.312,1.733,0]},{"i":{"x":0.833,"y":0.761},"o":{"x":0.167,"y":0.111},"t":17,"s":[-218.258,-137.26,0],"e":[-215.015,-155.255,0],"to":[1.081,-5.998,0],"ti":[-1.081,5.998,0]},{"i":{"x":0.833,"y":0.833},"o":{"x":0.167,"y":0.145},"t":18,"s":[-215.015,-155.255,0],"e":[-233.254,-211.525,0],"to":[4.238,-23.518,0],"ti":[-0.988,5.481,0]},{"t":20}],"ix":2},"a":{"a":0,"k":[199.417,153.269,0],"ix":1},"s":{"a":0,"k":[100,100,100],"ix":6}},"ao":0,"shapes":[{"ty":"gr","it":[{"ind":0,"ty":"sh","ix":1,"ks":{"a":0,"k":{"i":[[0,0],[-13.12,0],[-6.575,-10.292]],"o":[[6.574,-10.294],[13.119,0],[0,0]],"v":[[-31.219,8.56],[0.001,-8.56],[31.219,8.558]],"c":false},"ix":2},"nm":"Path 1","mn":"ADBE Vector Shape - Group","hd":false},{"ty":"st","c":{"a":0,"k":[0.536999990426,0.788000009574,0.277999997606,1],"ix":3},"o":{"a":0,"k":100,"ix":4},"w":{"a":0,"k":35,"ix":5},"lc":2,"lj":1,"ml":10,"bm":0,"nm":"Stroke 1","mn":"ADBE Vector Graphic - Stroke","hd":false},{"ty":"tr","p":{"a":0,"k":[249.981,156.732],"ix":2},"a":{"a":0,"k":[0,0],"ix":1},"s":{"a":0,"k":[100,100],"ix":3},"r":{"a":0,"k":0,"ix":6},"o":{"a":0,"k":100,"ix":7},"sk":{"a":0,"k":0,"ix":4},"sa":{"a":0,"k":0,"ix":5},"nm":"Transform"}],"nm":"Group 1","np":2,"cix":2,"bm":0,"ix":1,"mn":"ADBE Vector Group","hd":false},{"ty":"gr","it":[{"ind":0,"ty":"sh","ix":1,"ks":{"a":0,"k":{"i":[[0,0],[-11.645,7.747],[-11.913,-5.253]],"o":[[-0.243,-13.019],[11.645,-7.747],[0,0]],"v":[[-27.589,21.063],[-9.987,-12.568],[27.831,-15.809]],"c":false},"ix":2},"nm":"Path 1","mn":"ADBE Vector Shape - Group","hd":false},{"ty":"st","c":{"a":0,"k":[0.536999990426,0.788000009574,0.277999997606,1],"ix":3},"o":{"a":0,"k":100,"ix":4},"w":{"a":0,"k":35,"ix":5},"lc":2,"lj":1,"ml":10,"bm":0,"nm":"Stroke 1","mn":"ADBE Vector Graphic - Stroke","hd":false},{"ty":"tr","p":{"a":0,"k":[134.633,108.563],"ix":2},"a":{"a":0,"k":[0,0],"ix":1},"s":{"a":0,"k":[100,100],"ix":3},"r":{"a":0,"k":0,"ix":6},"o":{"a":0,"k":100,"ix":7},"sk":{"a":0,"k":0,"ix":4},"sa":{"a":0,"k":0,"ix":5},"nm":"Transform"}],"nm":"Group 2","np":2,"cix":2,"bm":0,"ix":2,"mn":"ADBE Vector Group","hd":false},{"ty":"gr","it":[{"ind":0,"ty":"sh","ix":1,"ks":{"a":0,"k":{"i":[[40.861,4.399],[0,0.162],[45.011,0],[14.28,-23.585],[18.959,0],[0,-45.011],[-3.406,-8.981],[0,-32.754],[-44.091,0],[-14.309,13.561],[-29.852,0],[-8.117,37.038],[-10.999,0],[0,45.011]],"o":[[0.001,-0.162],[0,-45.011],[-29.584,0],[-13.846,-10.857],[-45.012,0],[0,10.175],[-28.22,12.309],[0,44.091],[21.271,0],[14.484,23.748],[39.473,0],[9.573,3.95],[45.011,0],[0,-42.03]],"v":[[126.488,-69.58],[126.499,-70.063],[45.001,-151.563],[-24.764,-112.214],[-74.999,-129.563],[-156.501,-48.063],[-151.213,-19.174],[-199.166,54.021],[-119.333,133.854],[-64.44,111.958],[6.041,151.563],[86.61,86.795],[117.666,92.938],[199.166,11.438]],"c":true},"ix":2},"nm":"Path 1","mn":"ADBE Vector Shape - Group","hd":false},{"ty":"fl","c":{"a":0,"k":[0.211999990426,0.54900004069,0.054999998504,1],"ix":4},"o":{"a":0,"k":100,"ix":5},"r":1,"bm":0,"nm":"Fill 1","mn":"ADBE Vector Graphic - Fill","hd":false},{"ty":"tr","p":{"a":0,"k":[199.416,154.725],"ix":2},"a":{"a":0,"k":[0,0],"ix":1},"s":{"a":0,"k":[100,100],"ix":3},"r":{"a":0,"k":0,"ix":6},"o":{"a":0,"k":100,"ix":7},"sk":{"a":0,"k":0,"ix":4},"sa":{"a":0,"k":0,"ix":5},"nm":"Transform"}],"nm":"Group 3","np":2,"cix":2,"bm":0,"ix":3,"mn":"ADBE Vector Group","hd":false}],"ip":0,"op":600,"st":0,"bm":0},{"ddd":0,"ind":17,"ty":4,"nm":"pepper 3 Outlines","parent":7,"sr":1,"ks":{"o":{"a":0,"k":100,"ix":11},"r":{"a":0,"k":0,"ix":10},"p":{"a":1,"k":[{"i":{"x":0,"y":1},"o":{"x":0.265,"y":0},"t":0,"s":[-374.247,-69.374,0],"e":[-530.206,-205.946,0],"to":[-25.993,-22.762,0],"ti":[0,0,0]},{"i":{"x":0.745,"y":1},"o":{"x":1,"y":0},"t":9,"s":[-530.206,-205.946,0],"e":[-374.247,-69.374,0],"to":[0,0,0],"ti":[-25.993,-22.762,0]},{"t":14}],"ix":2},"a":{"a":0,"k":[90.541,90.541,0],"ix":1},"s":{"a":0,"k":[100,100,100],"ix":6}},"ao":0,"shapes":[{"ty":"gr","it":[{"ind":0,"ty":"sh","ix":1,"ks":{"a":0,"k":{"i":[[0,-49.866],[49.866,0],[0,49.867],[-49.866,0]],"o":[[0,49.867],[-49.866,0],[0,-49.866],[49.866,0]],"v":[[90.291,-0.001],[0,90.291],[-90.291,-0.001],[0,-90.291]],"c":true},"ix":2},"nm":"Path 1","mn":"ADBE Vector Shape - Group","hd":false},{"ty":"fl","c":{"a":0,"k":[1,0.773000021542,0.008000000785,1],"ix":4},"o":{"a":0,"k":100,"ix":5},"r":1,"bm":0,"nm":"Fill 1","mn":"ADBE Vector Graphic - Fill","hd":false},{"ty":"tr","p":{"a":0,"k":[90.541,90.542],"ix":2},"a":{"a":0,"k":[0,0],"ix":1},"s":{"a":0,"k":[100,100],"ix":3},"r":{"a":0,"k":0,"ix":6},"o":{"a":0,"k":100,"ix":7},"sk":{"a":0,"k":0,"ix":4},"sa":{"a":0,"k":0,"ix":5},"nm":"Transform"}],"nm":"Group 1","np":2,"cix":2,"bm":0,"ix":1,"mn":"ADBE Vector Group","hd":false}],"ip":0,"op":600,"st":0,"bm":0},{"ddd":0,"ind":18,"ty":4,"nm":"Tomato 2 Outlines","parent":7,"sr":1,"ks":{"o":{"a":0,"k":100,"ix":11},"r":{"a":1,"k":[{"i":{"x":[0.888],"y":[1]},"o":{"x":[0.168],"y":[0]},"t":0,"s":[0],"e":[360]},{"t":14}],"ix":10},"p":{"a":1,"k":[{"i":{"x":0,"y":1},"o":{"x":0.265,"y":0},"t":0,"s":[-89.675,-305.34,0],"e":[51.841,-771.956,0],"to":[23.586,-77.769,0],"ti":[0,0,0]},{"i":{"x":0.667,"y":1},"o":{"x":1,"y":0},"t":9,"s":[51.841,-771.956,0],"e":[-89.675,-305.34,0],"to":[0,0,0],"ti":[23.586,-77.769,0]},{"t":14}],"ix":2},"a":{"a":0,"k":[161.991,161.992,0],"ix":1},"s":{"a":0,"k":[100,100,100],"ix":6}},"ao":0,"shapes":[{"ty":"gr","it":[{"ind":0,"ty":"sh","ix":1,"ks":{"a":0,"k":{"i":[[0,0],[-2.109,-0.581],[-1.748,-1.55],[-1.103,-2.342],[-0.209,-2.846],[0.17,-1.346],[0.433,-1.222],[1.559,-1.727],[4.457,0.44],[0,0],[2.771,2.247],[0.769,1.338],[0.224,0.712],[0.071,0.755],[-0.607,1.414],[-1.239,1.269],[-1.804,0.992],[-2.196,0.452]],"o":[[2.195,-0.454],[2.074,0.586],[1.779,1.543],[1.149,2.337],[0.107,1.423],[-0.193,1.349],[-0.877,2.446],[-3.18,3.468],[0,0],[-4.458,-0.439],[-1.412,-1.133],[-0.391,-0.669],[-0.246,-0.712],[-0.137,-1.508],[0.654,-1.416],[1.27,-1.273],[1.768,-0.983],[0,0]],"v":[[13.914,-18.148],[20.418,-17.948],[26.205,-14.71],[30.519,-8.813],[32.465,-0.94],[32.281,3.229],[31.393,7.095],[27.74,13.422],[15.896,18.162],[-16.492,15.068],[-27.674,10.563],[-31.049,6.835],[-32.036,4.761],[-32.435,2.558],[-31.534,-1.84],[-28.579,-5.905],[-23.925,-9.355],[-17.951,-11.583]],"c":true},"ix":2},"nm":"Path 1","mn":"ADBE Vector Shape - Group","hd":false},{"ty":"fl","c":{"a":0,"k":[0.752999997606,0.152999997606,0.176000004189,1],"ix":4},"o":{"a":0,"k":100,"ix":5},"r":1,"bm":0,"nm":"Fill 1","mn":"ADBE Vector Graphic - Fill","hd":false},{"ty":"tr","p":{"a":0,"k":[242.033,101.863],"ix":2},"a":{"a":0,"k":[0,0],"ix":1},"s":{"a":0,"k":[100,100],"ix":3},"r":{"a":0,"k":0,"ix":6},"o":{"a":0,"k":100,"ix":7},"sk":{"a":0,"k":0,"ix":4},"sa":{"a":0,"k":0,"ix":5},"nm":"Transform"}],"nm":"Group 1","np":2,"cix":2,"bm":0,"ix":1,"mn":"ADBE Vector Group","hd":false},{"ty":"gr","it":[{"ind":0,"ty":"sh","ix":1,"ks":{"a":0,"k":{"i":[[0,0],[-1.682,-1.386],[-0.676,-0.891],[-0.477,-1.061],[0.002,-2.577],[0.217,-1.349],[0.504,-1.34],[4.25,-1.879],[2.162,0.084],[1.948,1.106],[0,0],[1.394,1.484],[0.872,1.626],[-1.046,2.817],[-0.448,0.601],[-0.598,0.51],[-1.7,0.642],[-0.954,0.212],[-1.015,0.089],[-2.19,-0.478]],"o":[[2.189,0.478],[0.839,0.692],[0.658,0.888],[0.945,2.119],[0.015,1.293],[-0.246,1.337],[-2.019,5.37],[-2.09,0.969],[-2.174,-0.086],[0,0],[-1.948,-1.107],[-1.404,-1.494],[-1.662,-3.226],[0.261,-0.708],[0.417,-0.613],[1.229,-1.006],[0.849,-0.321],[0.938,-0.214],[2.024,-0.18],[0,0]],"v":[[20.205,-14.19],[26.053,-11.368],[28.342,-8.986],[30.046,-6.055],[31.592,1.095],[31.295,5.07],[30.15,9.092],[19.969,20.319],[13.435,21.611],[7.205,19.814],[-21.094,3.759],[-26.113,-0.211],[-29.455,-4.902],[-30.56,-14.113],[-29.469,-16.063],[-27.942,-17.743],[-23.594,-20.25],[-20.884,-21.052],[-17.962,-21.514],[-11.582,-21.123]],"c":true},"ix":2},"nm":"Path 1","mn":"ADBE Vector Shape - Group","hd":false},{"ty":"fl","c":{"a":0,"k":[0.752999997606,0.152999997606,0.176000004189,1],"ix":4},"o":{"a":0,"k":100,"ix":5},"r":1,"bm":0,"nm":"Fill 1","mn":"ADBE Vector Graphic - Fill","hd":false},{"ty":"tr","p":{"a":0,"k":[233.701,159.1],"ix":2},"a":{"a":0,"k":[0,0],"ix":1},"s":{"a":0,"k":[100,100],"ix":3},"r":{"a":0,"k":0,"ix":6},"o":{"a":0,"k":100,"ix":7},"sk":{"a":0,"k":0,"ix":4},"sa":{"a":0,"k":0,"ix":5},"nm":"Transform"}],"nm":"Group 2","np":2,"cix":2,"bm":0,"ix":2,"mn":"ADBE Vector Group","hd":false},{"ty":"gr","it":[{"ind":0,"ty":"sh","ix":1,"ks":{"a":0,"k":{"i":[[0,0],[-0.048,-4.708],[0.984,-2.404],[1.961,-2.063],[2.381,-1.005],[2.326,0.003],[2.65,3.608],[0,0],[0.181,3.555],[-0.479,1.469],[-1.126,1.024],[-1.495,0.46],[-1.81,-0.104],[-3.611,-2.651]],"o":[[3.609,2.65],[0.003,2.325],[-1.005,2.381],[-2.063,1.962],[-2.404,0.985],[-4.709,-0.047],[0,0],[-2.652,-3.609],[-0.105,-1.81],[0.461,-1.496],[1.023,-1.125],[1.47,-0.481],[3.554,0.183],[0,0]],"v":[[21.814,-3.891],[27.458,7.558],[25.943,14.702],[21.397,21.397],[14.702,25.942],[7.558,27.457],[-3.891,21.814],[-23.235,-4.348],[-27.356,-15.666],[-26.843,-20.675],[-24.56,-24.561],[-20.675,-26.842],[-15.666,-27.356],[-4.347,-23.236]],"c":true},"ix":2},"nm":"Path 1","mn":"ADBE Vector Shape - Group","hd":false},{"ty":"fl","c":{"a":0,"k":[0.752999997606,0.152999997606,0.176000004189,1],"ix":4},"o":{"a":0,"k":100,"ix":5},"r":1,"bm":0,"nm":"Fill 1","mn":"ADBE Vector Graphic - Fill","hd":false},{"ty":"tr","p":{"a":0,"k":[204.624,204.625],"ix":2},"a":{"a":0,"k":[0,0],"ix":1},"s":{"a":0,"k":[100,100],"ix":3},"r":{"a":0,"k":0,"ix":6},"o":{"a":0,"k":100,"ix":7},"sk":{"a":0,"k":0,"ix":4},"sa":{"a":0,"k":0,"ix":5},"nm":"Transform"}],"nm":"Group 3","np":2,"cix":2,"bm":0,"ix":3,"mn":"ADBE Vector Group","hd":false},{"ty":"gr","it":[{"ind":0,"ty":"sh","ix":1,"ks":{"a":0,"k":{"i":[[0,0],[-0.086,-2.173],[0.967,-2.092],[5.369,-2.019],[1.338,-0.247],[1.293,0.016],[2.12,0.946],[0.888,0.658],[0.692,0.838],[0.478,2.19],[0,0],[-0.178,2.025],[-0.214,0.938],[-0.321,0.848],[-1.005,1.23],[-0.612,0.416],[-0.706,0.262],[-3.226,-1.663],[-1.494,-1.404],[-1.107,-1.949]],"o":[[1.106,1.949],[0.084,2.163],[-1.88,4.247],[-1.34,0.503],[-1.348,0.216],[-2.575,0.004],[-1.062,-0.474],[-0.89,-0.674],[-1.386,-1.683],[0,0],[-0.478,-2.19],[0.09,-1.014],[0.212,-0.954],[0.642,-1.701],[0.509,-0.598],[0.601,-0.449],[2.817,-1.045],[1.626,0.871],[1.484,1.393],[0,0]],"v":[[19.814,7.203],[21.61,13.434],[20.32,19.97],[9.093,30.15],[5.07,31.294],[1.095,31.591],[-6.055,30.046],[-8.986,28.341],[-11.369,26.054],[-14.19,20.205],[-21.124,-11.582],[-21.516,-17.964],[-21.052,-20.884],[-20.25,-23.594],[-17.744,-27.943],[-16.063,-29.469],[-14.113,-30.561],[-4.902,-29.456],[-0.211,-26.113],[3.758,-21.094]],"c":true},"ix":2},"nm":"Path 1","mn":"ADBE Vector Shape - Group","hd":false},{"ty":"fl","c":{"a":0,"k":[0.752999997606,0.152999997606,0.176000004189,1],"ix":4},"o":{"a":0,"k":100,"ix":5},"r":1,"bm":0,"nm":"Fill 1","mn":"ADBE Vector Graphic - Fill","hd":false},{"ty":"tr","p":{"a":0,"k":[159.101,233.702],"ix":2},"a":{"a":0,"k":[0,0],"ix":1},"s":{"a":0,"k":[100,100],"ix":3},"r":{"a":0,"k":0,"ix":6},"o":{"a":0,"k":100,"ix":7},"sk":{"a":0,"k":0,"ix":4},"sa":{"a":0,"k":0,"ix":5},"nm":"Transform"}],"nm":"Group 4","np":2,"cix":2,"bm":0,"ix":4,"mn":"ADBE Vector Group","hd":false},{"ty":"gr","it":[{"ind":0,"ty":"sh","ix":1,"ks":{"a":0,"k":{"i":[[0,0],[3.468,-3.18],[2.446,-0.878],[1.347,-0.195],[1.422,0.106],[2.337,1.148],[1.544,1.779],[0.586,2.073],[-0.453,2.193],[0,0],[-0.983,1.767],[-1.274,1.271],[-1.416,0.653],[-1.508,-0.139],[-0.711,-0.246],[-0.669,-0.392],[-1.133,-1.413],[-0.44,-4.458]],"o":[[0.44,4.457],[-1.727,1.558],[-1.224,0.43],[-1.346,0.17],[-2.847,-0.211],[-2.344,-1.104],[-1.55,-1.748],[-0.581,-2.109],[0,0],[0.452,-2.194],[0.992,-1.804],[1.27,-1.239],[1.414,-0.608],[0.755,0.07],[0.714,0.226],[1.338,0.769],[2.246,2.77],[0,0]],"v":[[18.162,15.897],[13.422,27.741],[7.097,31.396],[3.231,32.283],[-0.938,32.467],[-8.811,30.521],[-14.711,26.206],[-17.948,20.42],[-18.149,13.916],[-11.583,-17.951],[-9.355,-23.924],[-5.905,-28.579],[-1.84,-31.533],[2.558,-32.434],[4.761,-32.036],[6.835,-31.048],[10.563,-27.673],[15.069,-16.492]],"c":true},"ix":2},"nm":"Path 1","mn":"ADBE Vector Shape - Group","hd":false},{"ty":"fl","c":{"a":0,"k":[0.752999997606,0.152999997606,0.176000004189,1],"ix":4},"o":{"a":0,"k":100,"ix":5},"r":1,"bm":0,"nm":"Fill 1","mn":"ADBE Vector Graphic - Fill","hd":false},{"ty":"tr","p":{"a":0,"k":[101.863,242.032],"ix":2},"a":{"a":0,"k":[0,0],"ix":1},"s":{"a":0,"k":[100,100],"ix":3},"r":{"a":0,"k":0,"ix":6},"o":{"a":0,"k":100,"ix":7},"sk":{"a":0,"k":0,"ix":4},"sa":{"a":0,"k":0,"ix":5},"nm":"Transform"}],"nm":"Group 5","np":2,"cix":2,"bm":0,"ix":5,"mn":"ADBE Vector Group","hd":false},{"ty":"gr","it":[{"ind":0,"ty":"sh","ix":1,"ks":{"a":0,"k":{"i":[[-69.997,69.998],[69.998,69.998],[0,0]],"o":[[69.998,-69.998],[0,0],[69.998,69.998]],"v":[[91.743,91.743],[91.743,-161.742],[-161.741,91.743]],"c":true},"ix":2},"nm":"Path 1","mn":"ADBE Vector Shape - Group","hd":false},{"ty":"fl","c":{"a":0,"k":[0.936999990426,0.313999998803,0.313999998803,1],"ix":4},"o":{"a":0,"k":100,"ix":5},"r":1,"bm":0,"nm":"Fill 1","mn":"ADBE Vector Graphic - Fill","hd":false},{"ty":"tr","p":{"a":0,"k":[161.991,161.992],"ix":2},"a":{"a":0,"k":[0,0],"ix":1},"s":{"a":0,"k":[100,100],"ix":3},"r":{"a":0,"k":0,"ix":6},"o":{"a":0,"k":100,"ix":7},"sk":{"a":0,"k":0,"ix":4},"sa":{"a":0,"k":0,"ix":5},"nm":"Transform"}],"nm":"Group 6","np":2,"cix":2,"bm":0,"ix":6,"mn":"ADBE Vector Group","hd":false}],"ip":0,"op":600,"st":0,"bm":0}],"markers":[]}