{"v":"5.5.7","meta":{"g":"LottieFiles AE 0.1.20","a":"","k":"","d":"","tc":"none"},"fr":60,"ip":0,"op":420,"w":1920,"h":1920,"nm":"soup","ddd":0,"assets":[],"layers":[{"ddd":0,"ind":1,"ty":4,"nm":"Shape Layer 2","sr":1,"ks":{"o":{"a":1,"k":[{"i":{"x":[0.667],"y":[1]},"o":{"x":[0.333],"y":[0]},"t":399,"s":[50]},{"t":419,"s":[50]}],"ix":11},"r":{"a":0,"k":0,"ix":10},"p":{"a":0,"k":[952,699,0],"ix":2},"a":{"a":0,"k":[172,-261,0],"ix":1},"s":{"a":0,"k":[100,100,100],"ix":6}},"ao":0,"shapes":[{"ty":"gr","it":[{"ind":0,"ty":"sh","ix":1,"ks":{"a":0,"k":{"i":[[0,0],[0,39.333],[-24.754,44.127],[0,44.667],[0,0]],"o":[[0,0],[0,-43.333],[23,-41],[0,-38.667],[0,0]],"v":[[172,-12],[124,-116],[175,-260],[216,-392],[172,-510]],"c":false},"ix":2},"nm":"Path 1","mn":"ADBE Vector Shape - Group","hd":false},{"ty":"tm","s":{"a":1,"k":[{"i":{"x":[0.667],"y":[1]},"o":{"x":[0.333],"y":[0]},"t":340,"s":[0]},{"t":389,"s":[100]}],"ix":1},"e":{"a":0,"k":100,"ix":2},"o":{"a":0,"k":0,"ix":3},"m":1,"ix":2,"nm":"Trim Paths 1","mn":"ADBE Vector Filter - Trim","hd":false},{"ty":"st","c":{"a":0,"k":[1,1,1,1],"ix":3},"o":{"a":0,"k":100,"ix":4},"w":{"a":0,"k":30,"ix":5},"lc":2,"lj":2,"bm":0,"nm":"Stroke 1","mn":"ADBE Vector Graphic - Stroke","hd":false},{"ty":"tr","p":{"a":0,"k":[240,0],"ix":2},"a":{"a":0,"k":[0,0],"ix":1},"s":{"a":0,"k":[56,56],"ix":3},"r":{"a":0,"k":0,"ix":6},"o":{"a":1,"k":[{"i":{"x":[0.667],"y":[1]},"o":{"x":[0.333],"y":[0]},"t":309,"s":[0]},{"t":342,"s":[100]}],"ix":7},"sk":{"a":0,"k":0,"ix":4},"sa":{"a":0,"k":0,"ix":5},"nm":"Transform"}],"nm":"Shape 3","np":3,"cix":2,"bm":0,"ix":1,"mn":"ADBE Vector Group","hd":false},{"ty":"gr","it":[{"ind":0,"ty":"sh","ix":1,"ks":{"a":0,"k":{"i":[[0,0],[0,39.333],[-24.754,44.127],[0,44.667],[0,0]],"o":[[0,0],[0,-43.333],[23,-41],[0,-38.667],[0,0]],"v":[[172,-12],[124,-116],[175,-260],[216,-392],[172,-510]],"c":false},"ix":2},"nm":"Path 1","mn":"ADBE Vector Shape - Group","hd":false},{"ty":"tm","s":{"a":1,"k":[{"i":{"x":[0.667],"y":[1]},"o":{"x":[0.333],"y":[0]},"t":325,"s":[0]},{"t":374,"s":[100]}],"ix":1},"e":{"a":0,"k":100,"ix":2},"o":{"a":0,"k":0,"ix":3},"m":1,"ix":2,"nm":"Trim Paths 1","mn":"ADBE Vector Filter - Trim","hd":false},{"ty":"st","c":{"a":0,"k":[1,1,1,1],"ix":3},"o":{"a":0,"k":100,"ix":4},"w":{"a":0,"k":30,"ix":5},"lc":2,"lj":2,"bm":0,"nm":"Stroke 1","mn":"ADBE Vector Graphic - Stroke","hd":false},{"ty":"tr","p":{"a":0,"k":[-120,0],"ix":2},"a":{"a":0,"k":[0,0],"ix":1},"s":{"a":0,"k":[61,61],"ix":3},"r":{"a":0,"k":0,"ix":6},"o":{"a":1,"k":[{"i":{"x":[0.667],"y":[1]},"o":{"x":[0.333],"y":[0]},"t":294,"s":[0]},{"t":327,"s":[100]}],"ix":7},"sk":{"a":0,"k":0,"ix":4},"sa":{"a":0,"k":0,"ix":5},"nm":"Transform"}],"nm":"Shape 2","np":3,"cix":2,"bm":0,"ix":2,"mn":"ADBE Vector Group","hd":false},{"ty":"gr","it":[{"ind":0,"ty":"sh","ix":1,"ks":{"a":0,"k":{"i":[[0,0],[0,39.333],[-24.754,44.127],[0,44.667],[0,0]],"o":[[0,0],[0,-43.333],[23,-41],[0,-38.667],[0,0]],"v":[[172,12],[124,-92],[175,-236],[216,-368],[172,-486]],"c":false},"ix":2},"nm":"Path 1","mn":"ADBE Vector Shape - Group","hd":false},{"ty":"tm","s":{"a":1,"k":[{"i":{"x":[0.667],"y":[1]},"o":{"x":[0.333],"y":[0]},"t":310,"s":[0]},{"t":359,"s":[100]}],"ix":1},"e":{"a":0,"k":100,"ix":2},"o":{"a":0,"k":0,"ix":3},"m":1,"ix":2,"nm":"Trim Paths 1","mn":"ADBE Vector Filter - Trim","hd":false},{"ty":"st","c":{"a":0,"k":[1,1,1,1],"ix":3},"o":{"a":0,"k":100,"ix":4},"w":{"a":0,"k":30,"ix":5},"lc":2,"lj":2,"bm":0,"nm":"Stroke 1","mn":"ADBE Vector Graphic - Stroke","hd":false},{"ty":"tr","p":{"a":0,"k":[0,0],"ix":2},"a":{"a":0,"k":[0,0],"ix":1},"s":{"a":0,"k":[100,100],"ix":3},"r":{"a":0,"k":0,"ix":6},"o":{"a":1,"k":[{"i":{"x":[0.667],"y":[1]},"o":{"x":[0.333],"y":[0]},"t":279,"s":[0]},{"t":312,"s":[100]}],"ix":7},"sk":{"a":0,"k":0,"ix":4},"sa":{"a":0,"k":0,"ix":5},"nm":"Transform"}],"nm":"Shape 1","np":3,"cix":2,"bm":0,"ix":3,"mn":"ADBE Vector Group","hd":false}],"ip":152,"op":420,"st":110,"bm":0},{"ddd":0,"ind":2,"ty":4,"nm":"Shape Layer 1","sr":1,"ks":{"o":{"a":1,"k":[{"i":{"x":[0.667],"y":[1]},"o":{"x":[0.333],"y":[0]},"t":399,"s":[50]},{"t":419,"s":[0]}],"ix":11},"r":{"a":0,"k":0,"ix":10},"p":{"a":0,"k":[952,711,0],"ix":2},"a":{"a":0,"k":[172,-261,0],"ix":1},"s":{"a":0,"k":[100,100,100],"ix":6}},"ao":0,"shapes":[{"ty":"gr","it":[{"ind":0,"ty":"sh","ix":1,"ks":{"a":0,"k":{"i":[[0,0],[0,39.333],[-24.754,44.127],[0,44.667],[0,0]],"o":[[0,0],[0,-43.333],[23,-41],[0,-38.667],[0,0]],"v":[[172,-12],[124,-116],[175,-260],[216,-392],[172,-510]],"c":false},"ix":2},"nm":"Path 1","mn":"ADBE Vector Shape - Group","hd":false},{"ty":"tm","s":{"a":1,"k":[{"i":{"x":[0.667],"y":[1]},"o":{"x":[0.333],"y":[0]},"t":230,"s":[0]},{"t":279,"s":[100]}],"ix":1},"e":{"a":0,"k":100,"ix":2},"o":{"a":0,"k":0,"ix":3},"m":1,"ix":2,"nm":"Trim Paths 1","mn":"ADBE Vector Filter - Trim","hd":false},{"ty":"st","c":{"a":0,"k":[1,1,1,1],"ix":3},"o":{"a":0,"k":100,"ix":4},"w":{"a":0,"k":30,"ix":5},"lc":2,"lj":2,"bm":0,"nm":"Stroke 1","mn":"ADBE Vector Graphic - Stroke","hd":false},{"ty":"tr","p":{"a":0,"k":[240,0],"ix":2},"a":{"a":0,"k":[0,0],"ix":1},"s":{"a":0,"k":[56,56],"ix":3},"r":{"a":0,"k":0,"ix":6},"o":{"a":1,"k":[{"i":{"x":[0.667],"y":[1]},"o":{"x":[0.333],"y":[0]},"t":193,"s":[0]},{"t":232,"s":[100]}],"ix":7},"sk":{"a":0,"k":0,"ix":4},"sa":{"a":0,"k":0,"ix":5},"nm":"Transform"}],"nm":"Shape 3","np":3,"cix":2,"bm":0,"ix":1,"mn":"ADBE Vector Group","hd":false},{"ty":"gr","it":[{"ind":0,"ty":"sh","ix":1,"ks":{"a":0,"k":{"i":[[0,0],[0,39.333],[-24.754,44.127],[0,44.667],[0,0]],"o":[[0,0],[0,-43.333],[23,-41],[0,-38.667],[0,0]],"v":[[172,-12],[124,-116],[175,-260],[216,-392],[172,-510]],"c":false},"ix":2},"nm":"Path 1","mn":"ADBE Vector Shape - Group","hd":false},{"ty":"tm","s":{"a":1,"k":[{"i":{"x":[0.667],"y":[1]},"o":{"x":[0.333],"y":[0]},"t":220,"s":[0]},{"t":269,"s":[100]}],"ix":1},"e":{"a":0,"k":100,"ix":2},"o":{"a":0,"k":0,"ix":3},"m":1,"ix":2,"nm":"Trim Paths 1","mn":"ADBE Vector Filter - Trim","hd":false},{"ty":"st","c":{"a":0,"k":[1,1,1,1],"ix":3},"o":{"a":0,"k":100,"ix":4},"w":{"a":0,"k":30,"ix":5},"lc":2,"lj":2,"bm":0,"nm":"Stroke 1","mn":"ADBE Vector Graphic - Stroke","hd":false},{"ty":"tr","p":{"a":0,"k":[-120,0],"ix":2},"a":{"a":0,"k":[0,0],"ix":1},"s":{"a":0,"k":[61,61],"ix":3},"r":{"a":0,"k":0,"ix":6},"o":{"a":1,"k":[{"i":{"x":[0.667],"y":[1]},"o":{"x":[0.333],"y":[0]},"t":183,"s":[0]},{"t":222,"s":[100]}],"ix":7},"sk":{"a":0,"k":0,"ix":4},"sa":{"a":0,"k":0,"ix":5},"nm":"Transform"}],"nm":"Shape 2","np":3,"cix":2,"bm":0,"ix":2,"mn":"ADBE Vector Group","hd":false},{"ty":"gr","it":[{"ind":0,"ty":"sh","ix":1,"ks":{"a":0,"k":{"i":[[0,0],[0,39.333],[-24.754,44.127],[0,44.667],[0,0]],"o":[[0,0],[0,-43.333],[23,-41],[0,-38.667],[0,0]],"v":[[172,-12],[124,-116],[175,-260],[216,-392],[172,-510]],"c":false},"ix":2},"nm":"Path 1","mn":"ADBE Vector Shape - Group","hd":false},{"ty":"tm","s":{"a":1,"k":[{"i":{"x":[0.667],"y":[1]},"o":{"x":[0.333],"y":[0]},"t":210,"s":[0]},{"t":259,"s":[100]}],"ix":1},"e":{"a":0,"k":100,"ix":2},"o":{"a":0,"k":0,"ix":3},"m":1,"ix":2,"nm":"Trim Paths 1","mn":"ADBE Vector Filter - Trim","hd":false},{"ty":"st","c":{"a":0,"k":[1,1,1,1],"ix":3},"o":{"a":0,"k":100,"ix":4},"w":{"a":0,"k":30,"ix":5},"lc":2,"lj":2,"bm":0,"nm":"Stroke 1","mn":"ADBE Vector Graphic - Stroke","hd":false},{"ty":"tr","p":{"a":0,"k":[0,12],"ix":2},"a":{"a":0,"k":[0,0],"ix":1},"s":{"a":0,"k":[100,100],"ix":3},"r":{"a":0,"k":0,"ix":6},"o":{"a":1,"k":[{"i":{"x":[0.667],"y":[1]},"o":{"x":[0.333],"y":[0]},"t":173,"s":[0]},{"t":212,"s":[100]}],"ix":7},"sk":{"a":0,"k":0,"ix":4},"sa":{"a":0,"k":0,"ix":5},"nm":"Transform"}],"nm":"Shape 1","np":3,"cix":2,"bm":0,"ix":3,"mn":"ADBE Vector Group","hd":false}],"ip":-23,"op":310,"st":0,"bm":0},{"ddd":0,"ind":4,"ty":4,"nm":"ghablame Outlines","sr":1,"ks":{"o":{"a":1,"k":[{"i":{"x":[0.667],"y":[1]},"o":{"x":[0.333],"y":[0]},"t":399,"s":[100]},{"t":419,"s":[0]}],"ix":11},"r":{"a":1,"k":[{"i":{"x":[0.667],"y":[1]},"o":{"x":[0.333],"y":[0]},"t":10,"s":[0]},{"i":{"x":[0.667],"y":[1]},"o":{"x":[0.333],"y":[0]},"t":15,"s":[-10]},{"i":{"x":[0.667],"y":[1]},"o":{"x":[0.333],"y":[0]},"t":20,"s":[10]},{"t":25,"s":[0]}],"ix":10},"p":{"a":0,"k":[946.635,1392.141,0],"ix":2},"a":{"a":0,"k":[946.635,1392.141,0],"ix":1},"s":{"a":1,"k":[{"i":{"x":[0.667,0.667,0.667],"y":[1,1,1]},"o":{"x":[0.333,0.333,0.333],"y":[0,0,0]},"t":10,"s":[0,0,100]},{"t":25,"s":[100,100,100]}],"ix":6}},"ao":0,"shapes":[{"ty":"gr","it":[{"ind":0,"ty":"sh","ix":1,"ks":{"a":0,"k":{"i":[[-24.02,0],[0,0],[0,-24.019],[0,0],[0,0],[0,0]],"o":[[0,0],[-24.017,0],[0,0],[0,0],[0,0],[0,-24.019]],"v":[[96.941,-32.214],[-53.451,-32.214],[-96.94,11.276],[-96.94,32.214],[53.451,32.214],[53.451,11.276]],"c":true},"ix":2},"nm":"Path 1","mn":"ADBE Vector Shape - Group","hd":false},{"ty":"fl","c":{"a":0,"k":[1,0.926064285578,0.721325324563,1],"ix":4},"o":{"a":0,"k":100,"ix":5},"r":1,"bm":0,"nm":"Fill 1","mn":"ADBE Vector Graphic - Fill","hd":false},{"ty":"tr","p":{"a":0,"k":[684.931,1008.056],"ix":2},"a":{"a":0,"k":[0,0],"ix":1},"s":{"a":0,"k":[100,100],"ix":3},"r":{"a":0,"k":0,"ix":6},"o":{"a":0,"k":100,"ix":7},"sk":{"a":0,"k":0,"ix":4},"sa":{"a":0,"k":0,"ix":5},"nm":"Transform"}],"nm":"Group 1","np":2,"cix":2,"bm":0,"ix":1,"mn":"ADBE Vector Group","hd":false},{"ty":"gr","it":[{"ind":0,"ty":"sh","ix":1,"ks":{"a":0,"k":{"i":[[24.018,0],[0,0],[0,-24.019],[0,0],[0,0],[0,0]],"o":[[0,0],[-24.017,0],[0,0],[0,0],[0,0],[0,-24.019]],"v":[[313.753,-32.214],[-313.751,-32.214],[-357.241,11.276],[-357.241,32.214],[357.241,32.214],[357.241,11.276]],"c":true},"ix":2},"nm":"Path 1","mn":"ADBE Vector Shape - Group","hd":false},{"ty":"fl","c":{"a":0,"k":[1,0.981041882085,0.851184740254,1],"ix":4},"o":{"a":0,"k":100,"ix":5},"r":1,"bm":0,"nm":"Fill 1","mn":"ADBE Vector Graphic - Fill","hd":false},{"ty":"tr","p":{"a":0,"k":[945.231,1008.056],"ix":2},"a":{"a":0,"k":[0,0],"ix":1},"s":{"a":0,"k":[100,100],"ix":3},"r":{"a":0,"k":0,"ix":6},"o":{"a":0,"k":100,"ix":7},"sk":{"a":0,"k":0,"ix":4},"sa":{"a":0,"k":0,"ix":5},"nm":"Transform"}],"nm":"Group 2","np":2,"cix":2,"bm":0,"ix":2,"mn":"ADBE Vector Group","hd":false},{"ty":"gr","it":[{"ind":0,"ty":"sh","ix":1,"ks":{"a":0,"k":{"i":[[0,51.4],[0,0],[0,0],[0,0],[0,0],[0,0],[-51.4,0],[0,0]],"o":[[0,0],[0,0],[0,0],[0,0],[0,0],[0,51.402],[0,0],[-51.402,0.002]],"v":[[-270.266,102.689],[-270.266,-123.495],[338.635,-123.495],[338.635,-195.76],[-338.635,-195.76],[-338.635,102.688],[-245.565,195.758],[-177.194,195.758]],"c":true},"ix":2},"nm":"Path 1","mn":"ADBE Vector Shape - Group","hd":false},{"ty":"fl","c":{"a":0,"k":[0.895734480316,0.245484819599,0.297618701411,1],"ix":4},"o":{"a":0,"k":100,"ix":5},"r":1,"bm":0,"nm":"Fill 1","mn":"ADBE Vector Graphic - Fill","hd":false},{"ty":"tr","p":{"a":0,"k":[945.232,1196.381],"ix":2},"a":{"a":0,"k":[0,0],"ix":1},"s":{"a":0,"k":[100,100],"ix":3},"r":{"a":0,"k":0,"ix":6},"o":{"a":0,"k":100,"ix":7},"sk":{"a":0,"k":0,"ix":4},"sa":{"a":0,"k":0,"ix":5},"nm":"Transform"}],"nm":"Group 3","np":2,"cix":2,"bm":0,"ix":3,"mn":"ADBE Vector Group","hd":false},{"ty":"gr","it":[{"ind":0,"ty":"sh","ix":1,"ks":{"a":0,"k":{"i":[[51.402,0],[0,0],[0,51.4],[0,0],[0,0],[0,0]],"o":[[0,0],[-51.402,0],[0,0],[0,0],[0,0],[0,51.402]],"v":[[245.563,195.76],[-245.564,195.76],[-338.634,102.69],[-338.634,-195.76],[338.634,-195.76],[338.634,102.688]],"c":true},"ix":2},"nm":"Path 1","mn":"ADBE Vector Shape - Group","hd":false},{"ty":"fl","c":{"a":0,"k":[0.992416082644,0.315634723738,0.367762995701,1],"ix":4},"o":{"a":0,"k":100,"ix":5},"r":1,"bm":0,"nm":"Fill 1","mn":"ADBE Vector Graphic - Fill","hd":false},{"ty":"tr","p":{"a":0,"k":[945.232,1196.381],"ix":2},"a":{"a":0,"k":[0,0],"ix":1},"s":{"a":0,"k":[100,100],"ix":3},"r":{"a":0,"k":0,"ix":6},"o":{"a":0,"k":100,"ix":7},"sk":{"a":0,"k":0,"ix":4},"sa":{"a":0,"k":0,"ix":5},"nm":"Transform"}],"nm":"Group 4","np":2,"cix":2,"bm":0,"ix":4,"mn":"ADBE Vector Group","hd":false},{"ty":"gr","it":[{"ind":0,"ty":"sh","ix":1,"ks":{"a":0,"k":{"i":[[15.584,0],[0,-15.584],[-15.584,0],[0,15.584]],"o":[[-15.584,0],[0,15.584],[15.584,0],[0,-15.584]],"v":[[0,-28.264],[-28.264,0],[0,28.263],[28.264,0]],"c":true},"ix":2},"nm":"Path 1","mn":"ADBE Vector Shape - Group","hd":false},{"ind":1,"ty":"sh","ix":2,"ks":{"a":0,"k":{"i":[[34.971,0],[0,34.97],[-34.971,0],[0,-34.971]],"o":[[-34.971,0],[0,-34.971],[34.971,0],[0,34.97]],"v":[[0,63.42],[-63.42,0],[0,-63.42],[63.42,0]],"c":true},"ix":2},"nm":"Path 2","mn":"ADBE Vector Shape - Group","hd":false},{"ty":"mm","mm":1,"nm":"Merge Paths 1","mn":"ADBE Vector Filter - Merge","hd":false},{"ty":"fl","c":{"a":0,"k":[0.992416082644,0.315634723738,0.367762995701,1],"ix":4},"o":{"a":0,"k":100,"ix":5},"r":1,"bm":0,"nm":"Fill 1","mn":"ADBE Vector Graphic - Fill","hd":false},{"ty":"tr","p":{"a":0,"k":[1283.867,1150.539],"ix":2},"a":{"a":0,"k":[0,0],"ix":1},"s":{"a":0,"k":[100,100],"ix":3},"r":{"a":0,"k":0,"ix":6},"o":{"a":0,"k":100,"ix":7},"sk":{"a":0,"k":0,"ix":4},"sa":{"a":0,"k":0,"ix":5},"nm":"Transform"}],"nm":"Group 5","np":4,"cix":2,"bm":0,"ix":5,"mn":"ADBE Vector Group","hd":false},{"ty":"gr","it":[{"ind":0,"ty":"sh","ix":1,"ks":{"a":0,"k":{"i":[[15.584,0],[0,-15.584],[-15.586,0],[0,15.584]],"o":[[-15.584,0],[0,15.584],[15.586,0],[0,-15.584]],"v":[[0.001,-28.264],[-28.265,0],[0.001,28.263],[28.265,0]],"c":true},"ix":2},"nm":"Path 1","mn":"ADBE Vector Shape - Group","hd":false},{"ind":1,"ty":"sh","ix":2,"ks":{"a":0,"k":{"i":[[34.969,0],[0,34.97],[-34.971,0],[0,-34.971]],"o":[[-34.971,0],[0,-34.971],[34.971,0],[0,34.97]],"v":[[0.001,63.42],[-63.421,0],[0.001,-63.42],[63.421,0]],"c":true},"ix":2},"nm":"Path 2","mn":"ADBE Vector Shape - Group","hd":false},{"ty":"mm","mm":1,"nm":"Merge Paths 1","mn":"ADBE Vector Filter - Merge","hd":false},{"ty":"fl","c":{"a":0,"k":[0.895734480316,0.245484819599,0.297618701411,1],"ix":4},"o":{"a":0,"k":100,"ix":5},"r":1,"bm":0,"nm":"Fill 1","mn":"ADBE Vector Graphic - Fill","hd":false},{"ty":"tr","p":{"a":0,"k":[609.403,1150.539],"ix":2},"a":{"a":0,"k":[0,0],"ix":1},"s":{"a":0,"k":[100,100],"ix":3},"r":{"a":0,"k":0,"ix":6},"o":{"a":0,"k":100,"ix":7},"sk":{"a":0,"k":0,"ix":4},"sa":{"a":0,"k":0,"ix":5},"nm":"Transform"}],"nm":"Group 6","np":4,"cix":2,"bm":0,"ix":6,"mn":"ADBE Vector Group","hd":false}],"ip":-23,"op":420,"st":0,"bm":0},{"ddd":0,"ind":5,"ty":4,"nm":"gharch Outlines","sr":1,"ks":{"o":{"a":1,"k":[{"i":{"x":[0.667],"y":[1]},"o":{"x":[0.333],"y":[0]},"t":95,"s":[0]},{"t":100,"s":[100]}],"ix":11},"r":{"a":0,"k":0,"ix":10},"p":{"a":1,"k":[{"i":{"x":0.667,"y":1},"o":{"x":0.333,"y":0},"t":125,"s":[960,680,0],"to":[0,0,0],"ti":[0,0,0]},{"t":160,"s":[960,1360,0]}],"ix":2},"a":{"a":0,"k":[960,960,0],"ix":1},"s":{"a":1,"k":[{"i":{"x":[0.667,0.667,0.667],"y":[1,1,1]},"o":{"x":[0.333,0.333,0.333],"y":[0,0,0]},"t":100,"s":[0,0,100]},{"i":{"x":[0.667,0.667,0.667],"y":[1,1,1]},"o":{"x":[0.333,0.333,0.333],"y":[0,0,0]},"t":125,"s":[100,100,100]},{"i":{"x":[0.667,0.667,0.667],"y":[1,1,1]},"o":{"x":[0.333,0.333,0.333],"y":[0,0,0]},"t":144,"s":[120,120,100]},{"t":160,"s":[0,0,100]}],"ix":6}},"ao":0,"shapes":[{"ty":"gr","it":[{"ind":0,"ty":"sh","ix":1,"ks":{"a":0,"k":{"i":[[0,0],[0,0],[0,0]],"o":[[0,0],[0,0],[0,0]],"v":[[18.748,10.324],[-5.76,-10.324],[-18.748,-0.92]],"c":true},"ix":2},"nm":"Path 1","mn":"ADBE Vector Shape - Group","hd":false},{"ty":"fl","c":{"a":0,"k":[0.981041882085,0.646445839078,0.47961916456,1],"ix":4},"o":{"a":0,"k":100,"ix":5},"r":1,"bm":0,"nm":"Fill 1","mn":"ADBE Vector Graphic - Fill","hd":false},{"ty":"tr","p":{"a":0,"k":[1064.486,716.555],"ix":2},"a":{"a":0,"k":[0,0],"ix":1},"s":{"a":0,"k":[100,100],"ix":3},"r":{"a":0,"k":0,"ix":6},"o":{"a":0,"k":100,"ix":7},"sk":{"a":0,"k":0,"ix":4},"sa":{"a":0,"k":0,"ix":5},"nm":"Transform"}],"nm":"Group 1","np":2,"cix":2,"bm":0,"ix":1,"mn":"ADBE Vector Group","hd":false},{"ty":"gr","it":[{"ind":0,"ty":"sh","ix":1,"ks":{"a":0,"k":{"i":[[-11.705,13.893],[-24.17,16.726],[6.174,12.173],[-27.59,-16.258],[3.059,2.578],[23.725,-14.207],[-14.266,-13.327],[7.398,-8.783],[-17.019,-14.342],[-3.578,-1.531]],"o":[[7.4,-8.783],[-14.266,-13.324],[21.153,-12.668],[-2.518,-2.973],[-28.203,-23.764],[6.172,12.173],[-24.172,16.724],[-14.342,17.021],[3.131,2.637],[-9.388,-14.49]],"v":[[-38.314,34.647],[17.602,-12.299],[-14.291,-50.63],[70.649,-50.393],[62.305,-58.75],[-32.285,-65.792],[-0.392,-27.461],[-56.308,19.485],[-51.457,76.272],[-41.332,82.515]],"c":true},"ix":2},"nm":"Path 1","mn":"ADBE Vector Shape - Group","hd":false},{"ty":"fl","c":{"a":0,"k":[0.981041882085,0.646445839078,0.47961916456,1],"ix":4},"o":{"a":0,"k":100,"ix":5},"r":1,"bm":0,"nm":"Fill 1","mn":"ADBE Vector Graphic - Fill","hd":false},{"ty":"tr","p":{"a":0,"k":[1041.124,718.528],"ix":2},"a":{"a":0,"k":[0,0],"ix":1},"s":{"a":0,"k":[100,100],"ix":3},"r":{"a":0,"k":0,"ix":6},"o":{"a":0,"k":100,"ix":7},"sk":{"a":0,"k":0,"ix":4},"sa":{"a":0,"k":0,"ix":5},"nm":"Transform"}],"nm":"Group 2","np":2,"cix":2,"bm":0,"ix":2,"mn":"ADBE Vector Group","hd":false},{"ty":"gr","it":[{"ind":0,"ty":"sh","ix":1,"ks":{"a":0,"k":{"i":[[-13.043,-4.018],[28.205,23.763],[23.724,-14.207],[-14.265,-13.327],[7.399,-8.783],[-17.02,-14.342],[-14.342,17.021],[-12.382,26.66]],"o":[[9.977,-25.791],[-28.203,-23.764],[6.172,12.173],[-24.171,16.724],[-14.341,17.021],[17.021,14.342],[7.4,-8.784],[15.551,11.799]],"v":[[72.983,29.224],[49.995,-62.8],[-44.595,-69.841],[-12.703,-31.512],[-68.619,15.435],[-63.767,72.222],[-6.98,67.369],[29.799,4.296]],"c":true},"ix":2},"nm":"Path 1","mn":"ADBE Vector Shape - Group","hd":false},{"ty":"fl","c":{"a":0,"k":[0.981041882085,0.758294737573,0.628430893842,1],"ix":4},"o":{"a":0,"k":100,"ix":5},"r":1,"bm":0,"nm":"Fill 1","mn":"ADBE Vector Graphic - Fill","hd":false},{"ty":"tr","p":{"a":0,"k":[1053.435,722.58],"ix":2},"a":{"a":0,"k":[0,0],"ix":1},"s":{"a":0,"k":[100,100],"ix":3},"r":{"a":0,"k":0,"ix":6},"o":{"a":0,"k":100,"ix":7},"sk":{"a":0,"k":0,"ix":4},"sa":{"a":0,"k":0,"ix":5},"nm":"Transform"}],"nm":"Group 3","np":2,"cix":2,"bm":0,"ix":3,"mn":"ADBE Vector Group","hd":false},{"ty":"gr","it":[{"ind":0,"ty":"sh","ix":1,"ks":{"a":0,"k":{"i":[[-20.785,24.67],[-41.954,-25.108],[3.666,3.09],[22.774,-27.028],[-42.022,-35.406],[-3.59,-2.901]],"o":[[20.785,-24.67],[-3.045,-3.545],[-42.022,-35.406],[-22.773,27.027],[3.666,3.09],[-36.27,-31.854]],"v":[[-38.284,-14.714],[82.65,-25.741],[72.607,-35.732],[-59.876,-32.907],[-9.86,62.145],[1.025,71.138]],"c":true},"ix":2},"nm":"Path 1","mn":"ADBE Vector Shape - Group","hd":false},{"ty":"fl","c":{"a":0,"k":[0.981041882085,0.646445839078,0.47961916456,1],"ix":4},"o":{"a":0,"k":100,"ix":5},"r":1,"bm":0,"nm":"Fill 1","mn":"ADBE Vector Graphic - Fill","hd":false},{"ty":"tr","p":{"a":0,"k":[1071.452,647.296],"ix":2},"a":{"a":0,"k":[0,0],"ix":1},"s":{"a":0,"k":[100,100],"ix":3},"r":{"a":0,"k":0,"ix":6},"o":{"a":0,"k":100,"ix":7},"sk":{"a":0,"k":0,"ix":4},"sa":{"a":0,"k":0,"ix":5},"nm":"Transform"}],"nm":"Group 4","np":2,"cix":2,"bm":0,"ix":4,"mn":"ADBE Vector Group","hd":false},{"ty":"gr","it":[{"ind":0,"ty":"sh","ix":1,"ks":{"a":0,"k":{"i":[[22.773,-27.027],[42.021,35.406],[-22.771,27.029],[-42.024,-35.406]],"o":[[-22.773,27.027],[-42.022,-35.406],[22.774,-27.027],[42.021,35.406]],"v":[[76.087,69.71],[-26.073,36.546],[-76.089,-58.507],[56.394,-61.331]],"c":true},"ix":2},"nm":"Path 1","mn":"ADBE Vector Shape - Group","hd":false},{"ty":"fl","c":{"a":0,"k":[0.981041882085,0.833177274816,0.721325324563,1],"ix":4},"o":{"a":0,"k":100,"ix":5},"r":1,"bm":0,"nm":"Fill 1","mn":"ADBE Vector Graphic - Fill","hd":false},{"ty":"tr","p":{"a":0,"k":[1087.663,672.894],"ix":2},"a":{"a":0,"k":[0,0],"ix":1},"s":{"a":0,"k":[100,100],"ix":3},"r":{"a":0,"k":0,"ix":6},"o":{"a":0,"k":100,"ix":7},"sk":{"a":0,"k":0,"ix":4},"sa":{"a":0,"k":0,"ix":5},"nm":"Transform"}],"nm":"Group 5","np":2,"cix":2,"bm":0,"ix":5,"mn":"ADBE Vector Group","hd":false}],"ip":-23,"op":420,"st":0,"bm":0},{"ddd":0,"ind":6,"ty":4,"nm":"goje Outlines","sr":1,"ks":{"o":{"a":1,"k":[{"i":{"x":[0.667],"y":[1]},"o":{"x":[0.333],"y":[0]},"t":79,"s":[0]},{"t":84,"s":[100]}],"ix":11},"r":{"a":0,"k":0,"ix":10},"p":{"a":1,"k":[{"i":{"x":0.667,"y":1},"o":{"x":0.333,"y":0},"t":109,"s":[840,760,0],"to":[0,0,0],"ti":[0,0,0]},{"t":144,"s":[960,1360,0]}],"ix":2},"a":{"a":0,"k":[960,960,0],"ix":1},"s":{"a":1,"k":[{"i":{"x":[0.667,0.667,0.667],"y":[1,1,1]},"o":{"x":[0.333,0.333,0.333],"y":[0,0,0]},"t":84,"s":[0,0,100]},{"i":{"x":[0.667,0.667,0.667],"y":[1,1,1]},"o":{"x":[0.333,0.333,0.333],"y":[0,0,0]},"t":109,"s":[100,100,100]},{"i":{"x":[0.667,0.667,0.667],"y":[1,1,1]},"o":{"x":[0.333,0.333,0.333],"y":[0,0,0]},"t":127,"s":[120,120,100]},{"t":144,"s":[0,0,100]}],"ix":6}},"ao":0,"shapes":[{"ty":"gr","it":[{"ind":0,"ty":"sh","ix":1,"ks":{"a":0,"k":{"i":[[0.205,2.402],[-0.736,2.103],[-0.483,0.041],[-0.236,-0.424],[-0.123,-1.439],[1.744,-0.148]],"o":[[-0.123,-1.439],[0.16,-0.457],[0.482,-0.041],[1.082,1.949],[0.205,2.402],[-1.744,0.149]],"v":[[-3.201,1.542],[-1.695,-4.912],[-0.64,-5.73],[0.539,-5.104],[3.119,1.002],[0.332,5.623]],"c":true},"ix":2},"nm":"Path 1","mn":"ADBE Vector Shape - Group","hd":false},{"ty":"fl","c":{"a":0,"k":[0.959242996515,0.795256969975,0.241727133358,1],"ix":4},"o":{"a":0,"k":100,"ix":5},"r":1,"bm":0,"nm":"Fill 1","mn":"ADBE Vector Graphic - Fill","hd":false},{"ty":"tr","p":{"a":0,"k":[876.834,817.489],"ix":2},"a":{"a":0,"k":[0,0],"ix":1},"s":{"a":0,"k":[100,100],"ix":3},"r":{"a":0,"k":0,"ix":6},"o":{"a":0,"k":100,"ix":7},"sk":{"a":0,"k":0,"ix":4},"sa":{"a":0,"k":0,"ix":5},"nm":"Transform"}],"nm":"Group 1","np":2,"cix":2,"bm":0,"ix":1,"mn":"ADBE Vector Group","hd":false},{"ty":"gr","it":[{"ind":0,"ty":"sh","ix":1,"ks":{"a":0,"k":{"i":[[-0.412,3.5],[-1.672,2.795],[-0.703,-0.084],[-0.213,-0.676],[0.248,-2.098],[2.543,0.299]],"o":[[0.246,-2.098],[0.363,-0.607],[0.703,0.082],[0.976,3.107],[-0.412,3.5],[-2.541,-0.303]],"v":[[-4.521,1.281],[-0.469,-7.518],[1.284,-8.379],[2.787,-7.133],[4.685,2.367],[-0.664,8.164]],"c":true},"ix":2},"nm":"Path 1","mn":"ADBE Vector Shape - Group","hd":false},{"ty":"fl","c":{"a":0,"k":[0.959242996515,0.795256969975,0.241727133358,1],"ix":4},"o":{"a":0,"k":100,"ix":5},"r":1,"bm":0,"nm":"Fill 1","mn":"ADBE Vector Graphic - Fill","hd":false},{"ty":"tr","p":{"a":0,"k":[851.23,816.889],"ix":2},"a":{"a":0,"k":[0,0],"ix":1},"s":{"a":0,"k":[100,100],"ix":3},"r":{"a":0,"k":0,"ix":6},"o":{"a":0,"k":100,"ix":7},"sk":{"a":0,"k":0,"ix":4},"sa":{"a":0,"k":0,"ix":5},"nm":"Transform"}],"nm":"Group 2","np":2,"cix":2,"bm":0,"ix":2,"mn":"ADBE Vector Group","hd":false},{"ty":"gr","it":[{"ind":0,"ty":"sh","ix":1,"ks":{"a":0,"k":{"i":[[-1.457,4.061],[-2.766,2.873],[-0.815,-0.293],[-0.066,-0.863],[0.873,-2.432],[2.949,1.058]],"o":[[0.873,-2.432],[0.599,-0.623],[0.814,0.293],[0.309,3.975],[-1.457,4.061],[-2.947,-1.057]],"v":[[-5.048,-0.058],[2.212,-9.43],[4.538,-9.976],[5.987,-8.077],[5.632,3.774],[-2.347,9.211]],"c":true},"ix":2},"nm":"Path 1","mn":"ADBE Vector Shape - Group","hd":false},{"ty":"fl","c":{"a":0,"k":[0.959242996515,0.795256969975,0.241727133358,1],"ix":4},"o":{"a":0,"k":100,"ix":5},"r":1,"bm":0,"nm":"Fill 1","mn":"ADBE Vector Graphic - Fill","hd":false},{"ty":"tr","p":{"a":0,"k":[823.132,810.911],"ix":2},"a":{"a":0,"k":[0,0],"ix":1},"s":{"a":0,"k":[100,100],"ix":3},"r":{"a":0,"k":0,"ix":6},"o":{"a":0,"k":100,"ix":7},"sk":{"a":0,"k":0,"ix":4},"sa":{"a":0,"k":0,"ix":5},"nm":"Transform"}],"nm":"Group 3","np":2,"cix":2,"bm":0,"ix":3,"mn":"ADBE Vector Group","hd":false},{"ty":"gr","it":[{"ind":0,"ty":"sh","ix":1,"ks":{"a":0,"k":{"i":[[-2.572,3.465],[-3.478,1.947],[-0.695,-0.515],[0.185,-0.845],[1.541,-2.077],[2.516,1.867]],"o":[[1.541,-2.074],[0.756,-0.424],[0.695,0.516],[-0.858,3.895],[-2.572,3.465],[-2.515,-1.867]],"v":[[-5.228,-2.115],[4.435,-8.982],[6.82,-8.83],[7.659,-6.592],[3.883,4.649],[-5.328,7.539]],"c":true},"ix":2},"nm":"Path 1","mn":"ADBE Vector Shape - Group","hd":false},{"ty":"fl","c":{"a":0,"k":[0.959242996515,0.795256969975,0.241727133358,1],"ix":4},"o":{"a":0,"k":100,"ix":5},"r":1,"bm":0,"nm":"Fill 1","mn":"ADBE Vector Graphic - Fill","hd":false},{"ty":"tr","p":{"a":0,"k":[800.863,797.818],"ix":2},"a":{"a":0,"k":[0,0],"ix":1},"s":{"a":0,"k":[100,100],"ix":3},"r":{"a":0,"k":0,"ix":6},"o":{"a":0,"k":100,"ix":7},"sk":{"a":0,"k":0,"ix":4},"sa":{"a":0,"k":0,"ix":5},"nm":"Transform"}],"nm":"Group 4","np":2,"cix":2,"bm":0,"ix":4,"mn":"ADBE Vector Group","hd":false},{"ty":"gr","it":[{"ind":0,"ty":"sh","ix":1,"ks":{"a":0,"k":{"i":[[-3.461,2.576],[-3.892,0.861],[-0.516,-0.695],[0.422,-0.758],[2.075,-1.543],[1.871,2.513]],"o":[[2.072,-1.543],[0.846,-0.188],[0.517,0.695],[-1.943,3.482],[-3.46,2.576],[-1.871,-2.514]],"v":[[-4.649,-3.877],[6.584,-7.666],[8.823,-6.832],[8.979,-4.447],[2.123,5.227],[-7.531,5.34]],"c":true},"ix":2},"nm":"Path 1","mn":"ADBE Vector Shape - Group","hd":false},{"ty":"fl","c":{"a":0,"k":[0.959242996515,0.795256969975,0.241727133358,1],"ix":4},"o":{"a":0,"k":100,"ix":5},"r":1,"bm":0,"nm":"Fill 1","mn":"ADBE Vector Graphic - Fill","hd":false},{"ty":"tr","p":{"a":0,"k":[780.425,779.992],"ix":2},"a":{"a":0,"k":[0,0],"ix":1},"s":{"a":0,"k":[100,100],"ix":3},"r":{"a":0,"k":0,"ix":6},"o":{"a":0,"k":100,"ix":7},"sk":{"a":0,"k":0,"ix":4},"sa":{"a":0,"k":0,"ix":5},"nm":"Transform"}],"nm":"Group 5","np":2,"cix":2,"bm":0,"ix":5,"mn":"ADBE Vector Group","hd":false},{"ty":"gr","it":[{"ind":0,"ty":"sh","ix":1,"ks":{"a":0,"k":{"i":[[-3.582,0.15],[-3.076,-1.228],[-0.029,-0.718],[0.645,-0.322],[2.144,-0.09],[0.109,2.602]],"o":[[2.145,-0.09],[0.668,0.268],[0.029,0.719],[-2.963,1.483],[-3.581,0.15],[-0.109,-2.603]],"v":[[-2.133,-4.74],[7.353,-2.088],[8.5,-0.469],[7.492,1.242],[-1.738,4.68],[-8.42,0.242]],"c":true},"ix":2},"nm":"Path 1","mn":"ADBE Vector Shape - Group","hd":false},{"ty":"fl","c":{"a":0,"k":[0.959242996515,0.795256969975,0.241727133358,1],"ix":4},"o":{"a":0,"k":100,"ix":5},"r":1,"bm":0,"nm":"Fill 1","mn":"ADBE Vector Graphic - Fill","hd":false},{"ty":"tr","p":{"a":0,"k":[765.742,754.617],"ix":2},"a":{"a":0,"k":[0,0],"ix":1},"s":{"a":0,"k":[100,100],"ix":3},"r":{"a":0,"k":0,"ix":6},"o":{"a":0,"k":100,"ix":7},"sk":{"a":0,"k":0,"ix":4},"sa":{"a":0,"k":0,"ix":5},"nm":"Transform"}],"nm":"Group 6","np":2,"cix":2,"bm":0,"ix":6,"mn":"ADBE Vector Group","hd":false},{"ty":"gr","it":[{"ind":0,"ty":"sh","ix":1,"ks":{"a":0,"k":{"i":[[16.098,5.361],[5.211,25.611],[4.193,1.207],[3.006,-3.161],[2.197,-6.599],[-45.551,-15.164],[-19.692,16.6],[2.008,4.73],[5.111,-0.53]],"o":[[-34.389,-11.449],[-0.869,-4.276],[-4.193,-1.207],[-4.75,4.996],[-10.895,32.723],[33.754,11.238],[3.929,-3.313],[-2.008,-4.731],[-14.596,1.515]],"v":[[22.319,12.235],[-41.691,-49.755],[-49.93,-58.674],[-61.648,-55.498],[-72.216,-38.065],[-9.466,48.643],[77.872,38.364],[81.104,24.833],[69.124,17.753]],"c":true},"ix":2},"nm":"Path 1","mn":"ADBE Vector Shape - Group","hd":false},{"ty":"fl","c":{"a":0,"k":[0.829386991613,0.260652519675,0.185762727027,1],"ix":4},"o":{"a":0,"k":100,"ix":5},"r":1,"bm":0,"nm":"Fill 1","mn":"ADBE Vector Graphic - Fill","hd":false},{"ty":"tr","p":{"a":0,"k":[820.396,782.423],"ix":2},"a":{"a":0,"k":[0,0],"ix":1},"s":{"a":0,"k":[100,100],"ix":3},"r":{"a":0,"k":0,"ix":6},"o":{"a":0,"k":100,"ix":7},"sk":{"a":0,"k":0,"ix":4},"sa":{"a":0,"k":0,"ix":5},"nm":"Transform"}],"nm":"Group 7","np":2,"cix":2,"bm":0,"ix":7,"mn":"ADBE Vector Group","hd":false},{"ty":"gr","it":[{"ind":0,"ty":"sh","ix":1,"ks":{"a":0,"k":{"i":[[3.174,2.771],[0,0],[20.002,-6.713],[0.104,-0.034],[7.143,-21.451],[-61.158,-20.359],[-14.629,43.937]],"o":[[0,0],[-15.892,-13.875],[-0.104,0.035],[-23.98,7.904],[-14.627,43.938],[61.158,20.362],[1.328,-3.994]],"v":[[114.341,20.017],[3.544,-76.711],[-54.354,-87.526],[-54.663,-87.423],[-104.089,-42.546],[-19.837,73.876],[117.388,31.188]],"c":true},"ix":2},"nm":"Path 1","mn":"ADBE Vector Shape - Group","hd":false},{"ty":"fl","c":{"a":0,"k":[0.992416082644,0.315634723738,0.367762995701,1],"ix":4},"o":{"a":0,"k":100,"ix":5},"r":1,"bm":0,"nm":"Fill 1","mn":"ADBE Vector Graphic - Fill","hd":false},{"ty":"tr","p":{"a":0,"k":[815.208,787.568],"ix":2},"a":{"a":0,"k":[0,0],"ix":1},"s":{"a":0,"k":[100,100],"ix":3},"r":{"a":0,"k":0,"ix":6},"o":{"a":0,"k":100,"ix":7},"sk":{"a":0,"k":0,"ix":4},"sa":{"a":0,"k":0,"ix":5},"nm":"Transform"}],"nm":"Group 8","np":2,"cix":2,"bm":0,"ix":8,"mn":"ADBE Vector Group","hd":false}],"ip":-23,"op":420,"st":0,"bm":0},{"ddd":0,"ind":7,"ty":4,"nm":"kahoo Outlines","sr":1,"ks":{"o":{"a":1,"k":[{"i":{"x":[0.667],"y":[1]},"o":{"x":[0.333],"y":[0]},"t":64,"s":[0]},{"t":69,"s":[100]}],"ix":11},"r":{"a":0,"k":0,"ix":10},"p":{"a":1,"k":[{"i":{"x":0.667,"y":1},"o":{"x":0.333,"y":0},"t":94,"s":[720,600,0],"to":[0,0,0],"ti":[0,0,0]},{"t":129,"s":[960,1308,0]}],"ix":2},"a":{"a":0,"k":[960,960,0],"ix":1},"s":{"a":1,"k":[{"i":{"x":[0.667,0.667,0.667],"y":[1,1,1]},"o":{"x":[0.333,0.333,0.333],"y":[0,0,0]},"t":69,"s":[0,0,100]},{"i":{"x":[0.667,0.667,0.667],"y":[1,1,1]},"o":{"x":[0.333,0.333,0.333],"y":[0,0,0]},"t":94,"s":[100,100,100]},{"i":{"x":[0.667,0.667,0.667],"y":[1,1,1]},"o":{"x":[0.333,0.333,0.333],"y":[0,0,0]},"t":111,"s":[120,120,100]},{"t":129,"s":[0,0,100]}],"ix":6}},"ao":0,"shapes":[{"ty":"gr","it":[{"ind":0,"ty":"sh","ix":1,"ks":{"a":0,"k":{"i":[[0.646,2.199],[-1.185,2.171],[-4.34,-2.369],[0,0],[2.371,-4.34],[4.34,2.37],[0,0]],"o":[[-0.645,-2.199],[2.372,-4.34],[0,0],[4.34,2.371],[-2.371,4.34],[0,0],[-2.17,-1.184]],"v":[[-67.245,-29.239],[-66.513,-36.052],[-54.362,-39.62],[61.952,23.903],[65.519,36.052],[53.368,39.619],[-62.946,-23.902]],"c":true},"ix":2},"nm":"Path 1","mn":"ADBE Vector Shape - Group","hd":false},{"ty":"fl","c":{"a":0,"k":[0.498574320475,0.680564132391,0.167803551169,1],"ix":4},"o":{"a":0,"k":100,"ix":5},"r":1,"bm":0,"nm":"Fill 1","mn":"ADBE Vector Graphic - Fill","hd":false},{"ty":"tr","p":{"a":0,"k":[1075.649,910.26],"ix":2},"a":{"a":0,"k":[0,0],"ix":1},"s":{"a":0,"k":[100,100],"ix":3},"r":{"a":0,"k":0,"ix":6},"o":{"a":0,"k":100,"ix":7},"sk":{"a":0,"k":0,"ix":4},"sa":{"a":0,"k":0,"ix":5},"nm":"Transform"}],"nm":"Group 1","np":2,"cix":2,"bm":0,"ix":1,"mn":"ADBE Vector Group","hd":false},{"ty":"gr","it":[{"ind":0,"ty":"sh","ix":1,"ks":{"a":0,"k":{"i":[[-3.068,-0.049],[-1.895,5.619],[-5.402,4.067],[-9.488,-10.543],[-0.916,-2.485],[-6.805,-0.323],[-0.873,-0.076],[-0.326,-20.406],[0.649,-2.361],[-3.069,-3.935],[0.803,-10.631],[-2.098,3.843],[11.565,14.842],[-1.197,4.359],[0.041,2.57],[28.037,2.406],[0.859,0.041],[2.281,6.188],[1.893,2.104],[13.209,-9.941],[1.828,-5.423],[6.51,0.104],[0,0],[-3.683,-8.795]],"o":[[6.51,0.104],[1.828,-5.424],[13.211,-9.941],[1.891,2.101],[2.281,6.189],[0.859,0.041],[28.037,2.407],[0.041,2.57],[-1.197,4.36],[8.209,10.535],[3.479,-2.625],[7.234,-13.249],[-3.066,-3.935],[0.649,-2.362],[-0.326,-20.407],[-0.874,-0.074],[-6.803,-0.322],[-0.916,-2.482],[-9.488,-10.545],[-5.403,4.065],[-1.895,5.62],[-13.731,-0.216],[0,0],[2.702,-0.51]],"v":[[-77.997,-16.917],[-64.286,-26.171],[-53.366,-40.839],[-12.267,-39.747],[-8.065,-32.819],[7.585,-21.985],[10.185,-21.812],[61.54,19.493],[60.61,26.901],[63.312,39.995],[74.956,72.837],[83.425,63.146],[75.358,17.938],[72.657,4.845],[73.587,-2.563],[22.232,-43.868],[19.632,-44.042],[3.982,-54.876],[-0.22,-61.804],[-41.319,-62.896],[-52.239,-48.228],[-65.95,-38.974],[-90.659,-32.237],[-86.685,-16.134]],"c":true},"ix":2},"nm":"Path 1","mn":"ADBE Vector Shape - Group","hd":false},{"ty":"fl","c":{"a":0,"k":[0.568718584846,0.791470336914,0.197171798407,1],"ix":4},"o":{"a":0,"k":100,"ix":5},"r":1,"bm":0,"nm":"Fill 1","mn":"ADBE Vector Graphic - Fill","hd":false},{"ty":"tr","p":{"a":0,"k":[1133.599,924.905],"ix":2},"a":{"a":0,"k":[0,0],"ix":1},"s":{"a":0,"k":[100,100],"ix":3},"r":{"a":0,"k":0,"ix":6},"o":{"a":0,"k":100,"ix":7},"sk":{"a":0,"k":0,"ix":4},"sa":{"a":0,"k":0,"ix":5},"nm":"Transform"}],"nm":"Group 2","np":2,"cix":2,"bm":0,"ix":2,"mn":"ADBE Vector Group","hd":false},{"ty":"gr","it":[{"ind":0,"ty":"sh","ix":1,"ks":{"a":0,"k":{"i":[[-14.002,-2.285],[-2.582,0.572],[-3.949,-5.549],[-0.536,-0.693],[-17.343,10.756],[-1.59,1.741],[-4.765,-0.461],[-7.285,13.342],[11.566,14.842],[-1.197,4.359],[0.041,2.571],[28.037,2.406],[0.86,0.041],[2.283,6.187],[1.892,2.104],[13.209,-9.941],[1.828,-5.423],[6.51,0.104],[0,0],[-7.797,-11.912],[3.742,-4.465],[0.518,-6.985]],"o":[[2.791,0.455],[6.439,-1.426],[0.5,0.701],[17.179,22.287],[2.104,-1.304],[2.925,-3.203],[18.905,1.83],[7.235,-13.248],[-3.066,-3.935],[0.648,-2.362],[-0.326,-20.406],[-0.873,-0.074],[-6.802,-0.322],[-0.916,-2.482],[-9.488,-10.545],[-5.402,4.067],[-1.894,5.62],[-13.73,-0.216],[0,0],[3.498,5.344],[-3.791,4.521],[-1.22,16.484]],"v":[[-66.473,45.919],[-58.375,45.708],[-40.801,53.019],[-39.25,55.112],[23.259,75.993],[28.797,71.405],[40.804,66.845],[83.597,49.233],[75.529,4.026],[72.828,-9.067],[73.757,-16.476],[22.402,-57.78],[19.802,-57.954],[4.152,-68.788],[-0.049,-75.716],[-41.149,-76.808],[-52.069,-62.14],[-65.78,-52.886],[-90.489,-46.149],[-82.225,-21.915],[-82.787,-5.655],[-89.612,11.933]],"c":true},"ix":2},"nm":"Path 1","mn":"ADBE Vector Shape - Group","hd":false},{"ty":"fl","c":{"a":0,"k":[0.613265811696,0.851184740254,0.204731974882,1],"ix":4},"o":{"a":0,"k":100,"ix":5},"r":1,"bm":0,"nm":"Fill 1","mn":"ADBE Vector Graphic - Fill","hd":false},{"ty":"tr","p":{"a":0,"k":[1133.424,938.819],"ix":2},"a":{"a":0,"k":[0,0],"ix":1},"s":{"a":0,"k":[100,100],"ix":3},"r":{"a":0,"k":0,"ix":6},"o":{"a":0,"k":100,"ix":7},"sk":{"a":0,"k":0,"ix":4},"sa":{"a":0,"k":0,"ix":5},"nm":"Transform"}],"nm":"Group 3","np":2,"cix":2,"bm":0,"ix":3,"mn":"ADBE Vector Group","hd":false}],"ip":-23,"op":420,"st":0,"bm":0},{"ddd":0,"ind":8,"ty":4,"nm":"sabzi Outlines","sr":1,"ks":{"o":{"a":1,"k":[{"i":{"x":[0.667],"y":[1]},"o":{"x":[0.333],"y":[0]},"t":49,"s":[0]},{"t":54,"s":[100]}],"ix":11},"r":{"a":0,"k":0,"ix":10},"p":{"a":1,"k":[{"i":{"x":0.667,"y":1},"o":{"x":0.333,"y":0},"t":79,"s":[1280,920,0],"to":[0,0,0],"ti":[0,0,0]},{"t":114,"s":[960,1480,0]}],"ix":2},"a":{"a":0,"k":[960,960,0],"ix":1},"s":{"a":1,"k":[{"i":{"x":[0.667,0.667,0.667],"y":[1,1,1]},"o":{"x":[0.333,0.333,0.333],"y":[0,0,0]},"t":54,"s":[0,0,100]},{"i":{"x":[0.667,0.667,0.667],"y":[1,1,1]},"o":{"x":[0.333,0.333,0.333],"y":[0,0,0]},"t":79,"s":[100,100,100]},{"i":{"x":[0.667,0.667,0.667],"y":[1,1,1]},"o":{"x":[0.333,0.333,0.333],"y":[0,0,0]},"t":104,"s":[130,130,100]},{"t":114,"s":[0,0,100]}],"ix":6}},"ao":0,"shapes":[{"ty":"gr","it":[{"ind":0,"ty":"sh","ix":1,"ks":{"a":0,"k":{"i":[[-0.629,3.717],[12.856,9.118],[0,0],[0.41,0.41],[-3.826,4.266],[-4.381,-3.108],[-1.453,1.451],[1.187,1.673],[0,0],[-4.127,3.55],[-3.529,-4.969],[-1.783,0.863],[0.559,1.9],[0,0],[-6.131,1.181],[-1.533,-5.223],[-1.289,0.186],[0,1.302],[0,0],[-0.066,0.481],[0.586,0.084],[0,1.207],[0,0],[5.418,0.517],[0,-6.094],[0,0],[1.289,-0.186],[0.367,1.248],[5.344,-1.029],[-1.717,-5.85],[0,0],[1.781,-0.863],[1.144,1.616],[4.733,-4.072],[-3.149,-4.444],[0,0],[1.452,-1.449],[1.676,1.187],[3.586,-3.998],[-3.804,-3.805],[-0.488,-0.346],[0,0],[0,-22.084],[0,0],[-1.884,-1.887],[-3.153,0.209],[0,5.387]],"o":[[-4.178,-14.814],[0,0],[-0.489,-0.345],[-3.805,-3.805],[3.586,-3.998],[1.674,1.187],[1.451,-1.452],[0,0],[-3.146,-4.443],[4.732,-4.071],[1.145,1.615],[1.783,-0.863],[0,0],[-1.717,-5.849],[5.344,-1.032],[0.367,1.25],[1.289,-0.185],[0,0],[0,-0.498],[-0.47,0.297],[-1.193,-0.168],[0,0],[0,-5.443],[-6.215,-0.594],[0,0],[0,1.303],[-1.29,0.185],[-1.533,-5.222],[-6.131,1.181],[0,0],[0.558,1.9],[-1.783,0.863],[-3.53,-4.97],[-4.127,3.551],[0,0],[1.186,1.676],[-1.453,1.451],[-4.381,-3.107],[-3.826,4.266],[0.411,0.41],[0,0],[18.015,12.777],[0,0],[0,2.879],[2.037,2.037],[5.375,-0.355],[0.002,-3.836]],"v":[[45.316,56.007],[19.179,18.907],[-18.125,-7.55],[-19.475,-8.688],[-19.827,-23.042],[-5.676,-24.272],[-0.262,-24.729],[0.197,-30.141],[-0.063,-30.509],[1.361,-44.77],[16.691,-42.917],[21.763,-41.612],[23.884,-46.401],[22.642,-50.63],[30.701,-63.807],[42.765,-56.073],[45.65,-54.22],[47.896,-56.811],[47.896,-60.597],[48.049,-62.05],[46.423,-61.696],[44.341,-64.093],[44.341,-67.12],[34.945,-77.94],[23.5,-67.567],[23.5,-63.782],[21.254,-61.19],[18.369,-63.044],[6.304,-70.778],[-1.754,-57.6],[-0.512,-53.372],[-2.633,-48.583],[-7.706,-49.888],[-23.036,-51.741],[-24.459,-37.479],[-24.201,-37.112],[-24.659,-31.7],[-30.073,-31.243],[-44.223,-30.013],[-43.872,-15.659],[-42.522,-14.52],[-5.217,11.937],[23.502,67.515],[23.502,67.927],[26.554,75.296],[34.621,78.325],[44.343,67.349]],"c":true},"ix":2},"nm":"Path 1","mn":"ADBE Vector Shape - Group","hd":false},{"ty":"fl","c":{"a":0,"k":[0.568718584846,0.791470336914,0.197171798407,1],"ix":4},"o":{"a":0,"k":100,"ix":5},"r":1,"bm":0,"nm":"Fill 1","mn":"ADBE Vector Graphic - Fill","hd":false},{"ty":"tr","p":{"a":0,"k":[868.753,618.431],"ix":2},"a":{"a":0,"k":[0,0],"ix":1},"s":{"a":0,"k":[100,100],"ix":3},"r":{"a":0,"k":0,"ix":6},"o":{"a":0,"k":100,"ix":7},"sk":{"a":0,"k":0,"ix":4},"sa":{"a":0,"k":0,"ix":5},"nm":"Transform"}],"nm":"Group 1","np":2,"cix":2,"bm":0,"ix":1,"mn":"ADBE Vector Group","hd":false},{"ty":"gr","it":[{"ind":0,"ty":"sh","ix":1,"ks":{"a":0,"k":{"i":[[-3.152,0.207],[0,5.387],[-17.906,12.791],[0,0],[3.346,4.681],[4.682,-3.344],[-2.768,3.945],[0,0],[4.141,3.533],[3.498,-4.988],[-1.259,4.372],[0,0],[5.064,1.992],[1.687,-5.856],[1.193,0.168],[0,1.207],[0,0],[5.418,0.518],[0,-6.093],[0,0],[1.289,-0.185],[0.367,1.248],[5.345,-1.031],[-1.717,-5.849],[0,0],[1.781,-0.864],[1.144,1.615],[4.732,-4.073],[-3.149,-4.443],[0,0],[1.451,-1.452],[1.675,1.187],[3.586,-3.998],[-3.805,-3.805],[-0.488,-0.345],[0,0],[0,-22.086],[0,0],[-1.885,-1.887]],"o":[[5.375,-0.355],[0,-22.003],[0,0],[4.686,-3.344],[-3.34,-4.702],[-3.922,2.801],[0,0],[3.125,-4.457],[-4.75,-4.052],[-2.611,3.725],[0,0],[1.506,-5.228],[-5.811,-2.287],[-0.334,1.158],[-1.194,-0.167],[0,0],[0,-5.444],[-6.215,-0.593],[0,0],[0,1.302],[-1.289,0.186],[-1.533,-5.223],[-6.131,1.182],[0,0],[0.559,1.9],[-1.783,0.863],[-3.53,-4.971],[-4.127,3.55],[0,0],[1.185,1.676],[-1.452,1.451],[-4.381,-3.108],[-3.826,4.266],[0.41,0.41],[0,0],[18.016,12.778],[0,0],[0,2.878],[2.035,2.035]],"v":[[0.81,78.325],[10.533,67.348],[39.066,11.903],[76.089,-14.542],[78.513,-29.077],[63.978,-31.501],[57.98,-37.448],[58.029,-37.519],[56.542,-51.771],[41.218,-49.849],[34.048,-53.277],[35.187,-57.232],[29.148,-70.222],[15.279,-63.421],[12.617,-61.695],[10.535,-64.091],[10.535,-67.118],[1.138,-77.939],[-10.307,-67.566],[-10.307,-63.78],[-12.553,-61.189],[-15.438,-63.042],[-27.504,-70.777],[-35.563,-57.599],[-34.321,-53.37],[-36.442,-48.581],[-41.514,-49.886],[-56.844,-51.739],[-58.268,-37.478],[-58.008,-37.111],[-58.467,-31.698],[-63.881,-31.241],[-78.032,-30.011],[-77.68,-15.657],[-76.331,-14.519],[-39.026,11.938],[-10.307,67.516],[-10.307,67.929],[-7.254,75.298]],"c":true},"ix":2},"nm":"Path 1","mn":"ADBE Vector Shape - Group","hd":false},{"ty":"fl","c":{"a":0,"k":[0.613265811696,0.851184740254,0.204731974882,1],"ix":4},"o":{"a":0,"k":100,"ix":5},"r":1,"bm":0,"nm":"Fill 1","mn":"ADBE Vector Graphic - Fill","hd":false},{"ty":"tr","p":{"a":0,"k":[902.565,618.431],"ix":2},"a":{"a":0,"k":[0,0],"ix":1},"s":{"a":0,"k":[100,100],"ix":3},"r":{"a":0,"k":0,"ix":6},"o":{"a":0,"k":100,"ix":7},"sk":{"a":0,"k":0,"ix":4},"sa":{"a":0,"k":0,"ix":5},"nm":"Transform"}],"nm":"Group 2","np":2,"cix":2,"bm":0,"ix":2,"mn":"ADBE Vector Group","hd":false}],"ip":-23,"op":420,"st":0,"bm":0},{"ddd":0,"ind":9,"ty":4,"nm":"spon Outlines","sr":1,"ks":{"o":{"a":1,"k":[{"i":{"x":[0.667],"y":[1]},"o":{"x":[0.333],"y":[0]},"t":175,"s":[0]},{"i":{"x":[0.667],"y":[1]},"o":{"x":[0.333],"y":[0]},"t":180,"s":[100]},{"i":{"x":[0.667],"y":[1]},"o":{"x":[0.333],"y":[0]},"t":340,"s":[100]},{"t":365,"s":[0]}],"ix":11},"r":{"a":1,"k":[{"i":{"x":[0.667],"y":[1]},"o":{"x":[0.333],"y":[0]},"t":185,"s":[-35]},{"i":{"x":[0.667],"y":[1]},"o":{"x":[0.333],"y":[0]},"t":210,"s":[0]},{"i":{"x":[0.667],"y":[1]},"o":{"x":[0.333],"y":[0]},"t":285,"s":[0]},{"t":305,"s":[-35]}],"ix":10},"p":{"a":1,"k":[{"i":{"x":0.667,"y":1},"o":{"x":0.333,"y":0},"t":185,"s":[740,821.3,0],"to":[0,0,0],"ti":[-33.333,-66.667,0]},{"i":{"x":0.667,"y":1},"o":{"x":0.333,"y":0},"t":193,"s":[892,917.301,0],"to":[33.333,66.667,0],"ti":[0,0,0]},{"i":{"x":0.667,"y":1},"o":{"x":0.333,"y":0},"t":210,"s":[940,1221.3,0],"to":[0,0,0],"ti":[0,0,0]},{"i":{"x":0.667,"y":1},"o":{"x":0.333,"y":0},"t":225,"s":[1100,1221.3,0],"to":[0,0,0],"ti":[0,0,0]},{"i":{"x":0.667,"y":1},"o":{"x":0.333,"y":0},"t":240,"s":[860,1221.3,0],"to":[0,0,0],"ti":[0,0,0]},{"i":{"x":0.667,"y":1},"o":{"x":0.333,"y":0},"t":255,"s":[1100,1221.3,0],"to":[0,0,0],"ti":[0,0,0]},{"i":{"x":0.667,"y":1},"o":{"x":0.333,"y":0},"t":270,"s":[860,1221.3,0],"to":[0,0,0],"ti":[0,0,0]},{"i":{"x":0.667,"y":1},"o":{"x":0.333,"y":0},"t":285,"s":[940,1221.3,0],"to":[0,0,0],"ti":[33.333,66.667,0]},{"i":{"x":0.667,"y":1},"o":{"x":0.333,"y":0},"t":302,"s":[892,917.301,0],"to":[-33.333,-66.667,0],"ti":[0,0,0]},{"i":{"x":0.667,"y":1},"o":{"x":0.333,"y":0},"t":305,"s":[740,821.3,0],"to":[0,0,0],"ti":[0,0,0]},{"i":{"x":0.667,"y":1},"o":{"x":0.333,"y":0},"t":315,"s":[740,1021.3,0],"to":[0,0,0],"ti":[0,0,0]},{"i":{"x":0.667,"y":1},"o":{"x":0.333,"y":0},"t":325,"s":[740,901.3,0],"to":[0,0,0],"ti":[0,0,0]},{"t":332,"s":[740,1021.3,0]}],"ix":2},"a":{"a":0,"k":[940,1221.3,0],"ix":1},"s":{"a":0,"k":[100,100,100],"ix":6}},"ao":0,"shapes":[{"ty":"gr","it":[{"ind":0,"ty":"sh","ix":1,"ks":{"a":0,"k":{"i":[[1.604,-31.055],[8.047,-1.214],[41.956,31.14],[-1.42,30.824],[-8.251,1.818],[-42.34,-32.108]],"o":[[-0.42,8.127],[-29.864,4.509],[-46.943,-34.833],[0.39,-8.44],[28.434,-6.268],[46.421,35.21]],"v":[[102.783,66.294],[88.245,82.236],[-28.64,40.557],[-102.942,-69.477],[-88.383,-86.919],[29.56,-44.854]],"c":true},"ix":2},"nm":"Path 1","mn":"ADBE Vector Shape - Group","hd":false},{"ind":1,"ty":"sh","ix":2,"ks":{"a":0,"k":{"i":[[-0.42,0.67],[57.59,43.68],[26.802,-18.691],[2.24,-3.019],[-58.43,-43.37],[-21.06,28.38]],"o":[[20.75,-28.59],[-54.08,-41],[-3.17,2.111],[-21.06,28.381],[58.43,43.361],[0.48,-0.639]],"v":[[106.63,75.727],[39.43,-54.934],[-98.431,-87.385],[-106.32,-79.344],[-38.65,50.566],[105.29,77.696]],"c":true},"ix":2},"nm":"Path 2","mn":"ADBE Vector Shape - Group","hd":false},{"ty":"mm","mm":1,"nm":"Merge Paths 1","mn":"ADBE Vector Filter - Merge","hd":false},{"ty":"fl","c":{"a":0,"k":[0.609483606675,0.349760466931,0.200948393579,1],"ix":4},"o":{"a":0,"k":100,"ix":5},"r":1,"bm":0,"nm":"Fill 1","mn":"ADBE Vector Graphic - Fill","hd":false},{"ty":"tr","p":{"a":0,"k":[954.97,1128.274],"ix":2},"a":{"a":0,"k":[0,0],"ix":1},"s":{"a":0,"k":[100,100],"ix":3},"r":{"a":0,"k":0,"ix":6},"o":{"a":0,"k":100,"ix":7},"sk":{"a":0,"k":0,"ix":4},"sa":{"a":0,"k":0,"ix":5},"nm":"Transform"}],"nm":"Group 1","np":4,"cix":2,"bm":0,"ix":1,"mn":"ADBE Vector Group","hd":false},{"ty":"gr","it":[{"ind":0,"ty":"sh","ix":1,"ks":{"a":0,"k":{"i":[[18.34,-29.03],[51.871,38.5],[-18.34,29.03],[-51.87,-38.491]],"o":[[-26.779,17.23],[-57.12,-42.391],[26.801,-17.22],[57.12,42.389]],"v":[[102.14,81.55],[-33.13,46.38],[-102.14,-81.56],[33.13,-46.389]],"c":true},"ix":2},"nm":"Path 1","mn":"ADBE Vector Shape - Group","hd":false},{"ty":"fl","c":{"a":0,"k":[0.66540072572,0.44265313242,0.293824917662,1],"ix":4},"o":{"a":0,"k":100,"ix":5},"r":1,"bm":0,"nm":"Fill 1","mn":"ADBE Vector Graphic - Fill","hd":false},{"ty":"tr","p":{"a":0,"k":[959.46,1122.45],"ix":2},"a":{"a":0,"k":[0,0],"ix":1},"s":{"a":0,"k":[100,100],"ix":3},"r":{"a":0,"k":0,"ix":6},"o":{"a":0,"k":100,"ix":7},"sk":{"a":0,"k":0,"ix":4},"sa":{"a":0,"k":0,"ix":5},"nm":"Transform"}],"nm":"Group 2","np":2,"cix":2,"bm":0,"ix":2,"mn":"ADBE Vector Group","hd":false},{"ty":"gr","it":[{"ind":0,"ty":"sh","ix":1,"ks":{"a":0,"k":{"i":[[0.134,6.269],[2.859,-2.833],[0,0],[-9.866,-9.867],[0,0],[-1.806,1.806],[0,0],[1.806,1.806],[0,0]],"o":[[-0.086,-4.024],[0,0],[-9.866,9.865],[0,0],[1.806,1.806],[0,0],[1.806,-1.805],[0,0],[-4.787,-4.787]],"v":[[-185.811,-204.211],[-193.611,-207.487],[-193.693,-207.405],[-193.693,-171.676],[186.498,208.515],[193.037,208.515],[201.753,199.799],[201.753,193.26],[-178.439,-186.93]],"c":true},"ix":2},"nm":"Path 1","mn":"ADBE Vector Shape - Group","hd":false},{"ty":"fl","c":{"a":0,"k":[0.609483606675,0.349760466931,0.200948393579,1],"ix":4},"o":{"a":0,"k":100,"ix":5},"r":1,"bm":0,"nm":"Fill 1","mn":"ADBE Vector Graphic - Fill","hd":false},{"ty":"tr","p":{"a":0,"k":[663.785,864.054],"ix":2},"a":{"a":0,"k":[0,0],"ix":1},"s":{"a":0,"k":[100,100],"ix":3},"r":{"a":0,"k":0,"ix":6},"o":{"a":0,"k":100,"ix":7},"sk":{"a":0,"k":0,"ix":4},"sa":{"a":0,"k":0,"ix":5},"nm":"Transform"}],"nm":"Group 3","np":2,"cix":2,"bm":0,"ix":3,"mn":"ADBE Vector Group","hd":false},{"ty":"gr","it":[{"ind":0,"ty":"sh","ix":1,"ks":{"a":0,"k":{"i":[[1.806,-1.806],[0,0],[1.806,1.806],[0,0],[-9.865,9.867],[-9.868,-9.866],[0,0]],"o":[[0,0],[-1.806,1.806],[0,0],[-9.865,-9.865],[9.865,-9.866],[0,0],[1.806,1.806]],"v":[[211.99,182.8],[182.799,211.989],[176.26,211.989],[-203.931,-168.202],[-203.931,-203.93],[-168.202,-203.93],[211.99,176.261]],"c":true},"ix":2},"nm":"Path 1","mn":"ADBE Vector Shape - Group","hd":false},{"ty":"fl","c":{"a":0,"k":[0.66540072572,0.44265313242,0.293824917662,1],"ix":4},"o":{"a":0,"k":100,"ix":5},"r":1,"bm":0,"nm":"Fill 1","mn":"ADBE Vector Graphic - Fill","hd":false},{"ty":"tr","p":{"a":0,"k":[674.022,860.578],"ix":2},"a":{"a":0,"k":[0,0],"ix":1},"s":{"a":0,"k":[100,100],"ix":3},"r":{"a":0,"k":0,"ix":6},"o":{"a":0,"k":100,"ix":7},"sk":{"a":0,"k":0,"ix":4},"sa":{"a":0,"k":0,"ix":5},"nm":"Transform"}],"nm":"Group 4","np":2,"cix":2,"bm":0,"ix":4,"mn":"ADBE Vector Group","hd":false}],"ip":-23,"op":420,"st":0,"bm":0},{"ddd":0,"ind":10,"ty":4,"nm":"back Outlines","sr":1,"ks":{"o":{"a":1,"k":[{"i":{"x":[0.667],"y":[1]},"o":{"x":[0.333],"y":[0]},"t":399,"s":[100]},{"t":419,"s":[0]}],"ix":11},"r":{"a":0,"k":0,"ix":10},"p":{"a":0,"k":[960,960,0],"ix":2},"a":{"a":0,"k":[960,960,0],"ix":1},"s":{"a":0,"k":[100,100,100],"ix":6}},"ao":0,"shapes":[{"ty":"gr","it":[{"ind":0,"ty":"sh","ix":1,"ks":{"a":0,"k":{"i":[[-276.143,0],[0,-276.143],[276.143,0],[0,276.143]],"o":[[276.143,0],[0,276.143],[-276.143,0],[0,-276.143]],"v":[[0,-500],[500,0],[0,500],[-500,0]],"c":true},"ix":2},"nm":"Path 1","mn":"ADBE Vector Shape - Group","hd":false},{"ty":"fl","c":{"a":0,"k":[0.702368736267,0.90710824728,1,1],"ix":4},"o":{"a":0,"k":100,"ix":5},"r":1,"bm":0,"nm":"Fill 1","mn":"ADBE Vector Graphic - Fill","hd":false},{"ty":"tr","p":{"a":0,"k":[959.826,959.652],"ix":2},"a":{"a":0,"k":[0,0],"ix":1},"s":{"a":0,"k":[110,110],"ix":3},"r":{"a":0,"k":0,"ix":6},"o":{"a":1,"k":[{"i":{"x":[0.667],"y":[1]},"o":{"x":[0.333],"y":[0]},"t":0,"s":[0]},{"t":10,"s":[100]}],"ix":7},"sk":{"a":0,"k":0,"ix":4},"sa":{"a":0,"k":0,"ix":5},"nm":"Transform"}],"nm":"Group 1","np":2,"cix":2,"bm":0,"ix":1,"mn":"ADBE Vector Group","hd":false}],"ip":0,"op":420,"st":0,"bm":0}],"markers":[]}